stg_id,proveedor_ingesta,source_job_id,titulo_puesto,nombre_empresa,nombre_empresa_raw,ubicacion_raw,ciudad,pais,market_tier,modalidad_trabajo,nombre_rol,familia_rol,seniority,requisito_ingles,fecha_captura,fecha_captura_id,fecha_publicacion,fecha_publicacion_id,plataforma_origen,search_query,descripcion_oferta,url_oferta,skills_array,ingestion_timestamp_utc
1,SerpApi,b6c0653136a526d0150a8ff249109d20,Data Platform Engineer,Accenture,Accenture,Santiago,Santiago,Chile,Unclassified,Tiempo completo,Other / Unclassified,Unclassified,No data,No data,2026-09-28,20260928,2026-09-24,20260924,Accenture,,,https://www.accenture.com/cl-es/careers/jobdetails?id=14716343_es&title=Data+Platform+Engineer&utm_campaign=google_jobs_apply&utm_source=google_jobs_apply&utm_medium=organic,"[""Azure"", ""Pandas"", ""Python"", ""SQL"", ""SQL Server""]",2026-10-04 20:45:44.663333
2,SerpApi,2c906eefd2d39e4752abc5abf2c83bcf,Data Analyst Crédito Empresas,Itaú Chile,Itaú Chile,Las Condes,Las Condes,Chile,Unclassified,Tiempo completo,Data Analyst,primary,No data,No data,2026-09-28,20260928,2026-09-25,20260925,LinkedIn,,,https://cl.linkedin.com/jobs/view/data-analyst-cr%C3%A9dito-empresas-at-ita%C3%BA-chile-4472031822?utm_campaign=google_jobs_apply&utm_source=google_jobs_apply&utm_medium=organic,"[""Excel"", ""Python"", ""SQL""]",2026-10-04 20:45:44.663333
3,SerpApi,0fc137d04a6a2c2c0fd4b6f3f842fc96,Data Scientist Modelos Riesgo No Financiero,Banco de Crédito e Inversiones,Banco de Crédito e Inversiones,Las Condes,Las Condes,Chile,Unclassified,Tiempo completo,Data Scientist,primary,No data,No data,2026-09-28,20260928,2026-09-23,20260923,Laborum,,,https://www.laborum.cl/empleos/data-scientist-modelos-riesgo-no-financiero-banco-de-credito-e-inversiones-1118453369.html?utm_campaign=google_jobs_apply&utm_source=google_jobs_apply&utm_medium=organic,"[""Python"", ""SQL""]",2026-10-04 20:45:44.663333
4,SerpApi,0b7f0dc16a9c9b9234fbc4ef07a34367,Power BI & Data Engineer - Regional Analytics,WiTI,WiTI,Región Metropolitana,Región Metropolitana,Chile,Unclassified,Tiempo completo,Data Engineer,secondary,No data,No data,2026-09-28,20260928,2026-09-27,20260927,BeBee,,,https://bebee.com/cl/jobs/power-bi-data-engineer-regional-analytics-witi--talent-639045493122336403?utm_campaign=google_jobs_apply&utm_source=google_jobs_apply&utm_medium=organic,"[""Power BI"", ""Python"", ""SQL""]",2026-10-04 20:45:44.663333
5,SerpApi,ec53e1eae22ec23c5826489dc84bf7c2,Líder Data Analytics,RENEE RPO Asistido para ALEMANA SEGUROS,RENEE RPO Asistido para ALEMANA SEGUROS,Vitacura,Vitacura,Chile,Unclassified,Tiempo completo,Data Analytics,primary,No data,No data,2026-09-28,20260928,2026-09-23,20260923,Trabajando.cl,,,https://www.trabajando.cl/trabajo/6128424-lider-data-analytics?utm_campaign=google_jobs_apply&utm_source=google_jobs_apply&utm_medium=organic,"[""AWS"", ""Azure"", ""Google Cloud"", ""Looker"", ""MySQL"", ""Python"", ""Tableau""]",2026-10-04 20:45:44.663333
6,SerpApi,87853726a9cba1ba208a9b587dedc5b6,Data Scientist,NTT DATA EMEAL,NTT DATA EMEAL,Santiago,Santiago,Chile,Unclassified,Tiempo completo,Data Scientist,primary,No data,No data,2026-09-28,20260928,2026-09-02,20260902,NTT DATA Careers,,,https://careers.nttdata.com/global/en/job/186423ea0444510/Data-Scientist?utm_campaign=google_jobs_apply&utm_source=google_jobs_apply&utm_medium=organic,"[""Azure"", ""Power BI"", ""Python"", ""SQL""]",2026-10-04 20:45:44.666666
7,SerpApi,e797ed988c83362bae48af9077cb1244,Data Engineer,TIMINING,TIMINING,Providencia,Providencia,Chile,Unclassified,Tiempo completo,Data Engineer,secondary,No data,No data,2026-09-28,20260928,2026-09-02,20260902,Get On Board,,,https://www.getonbrd.cl/jobs/data-science-analytics/data-engineer-timining-santiago-45d2?utm_campaign=google_jobs_apply&utm_source=google_jobs_apply&utm_medium=organic,"[""ETL"", ""Python"", ""SQL""]",2026-10-04 20:45:44.666666
8,SerpApi,a2ddeec7a78947255a936db15aa2ffeb,Data AI Architect,ACL,ACL,Santiago,Santiago,Chile,Unclassified,Tiempo completo,Other / Unclassified,Unclassified,No data,No data,2026-09-28,20260928,2026-09-25,20260925,LinkedIn,,,https://cl.linkedin.com/jobs/view/data-ai-architect-at-acl-4469780873?utm_campaign=google_jobs_apply&utm_source=google_jobs_apply&utm_medium=organic,"[""AWS"", ""Azure""]",2026-10-04 20:45:44.666666
9,SerpApi,86d467dce40bfad1675674dea57ca733,Data Analytics Engineer,Toptal,Toptal,Chile,No especificado,Chile,Unclassified,Tiempo completo,Data Analytics,primary,No data,No data,2026-09-28,20260928,2026-09-23,20260923,LinkedIn,,,https://cl.linkedin.com/jobs/view/data-analytics-engineer-at-toptal-4470977299?utm_campaign=google_jobs_apply&utm_source=google_jobs_apply&utm_medium=organic,"[""Data Modeling"", ""Data Warehouse"", ""Power BI"", ""Python"", ""SQL"", ""Tableau""]",2026-10-04 20:45:44.666666
10,SerpApi,a91d0be6f699909e720e483c5842dee2,Data Engineer – AWS (Lakehouse),BC Tecnología,BC Tecnología,Las Condes,Las Condes,Chile,Unclassified,Tiempo completo,Data Engineer,secondary,No data,No data,2026-09-28,20260928,2026-09-16,20260916,Get On Board,,,https://www.getonbrd.com/jobs/data-science-analytics/data-engineer-aws-lakehouse-bc-tecnologia-santiago?utm_campaign=google_jobs_apply&utm_source=google_jobs_apply&utm_medium=organic,"[""AWS"", ""ELT"", ""ETL""]",2026-10-04 20:45:44.666666
11,SerpApi,a42145d0cb85d4ca13514c7941667987,Senior Data Engineer AI DLC - REMOTE,Protecso,Protecso,Lima,Lima,Peru,Unclassified,Tiempo completo,Data Engineer,secondary,Senior,No data,2026-09-28,20260928,2026-09-26,20260926,BeBee,,,https://bebee.com/pe/jobs/senior-data-engineer-ai-dlc-remote-protecso-lima--t7xk-854918915?utm_campaign=google_jobs_apply&utm_source=google_jobs_apply&utm_medium=organic,"[""AWS"", ""Automation"", ""Data Pipelines"", ""Dimensional Modeling"", ""ELT"", ""ETL"", ""Python"", ""SQL""]",2026-10-04 20:45:44.666666
12,SerpApi,2f35754e957e78f5f3a12a61c6bac259,Remote Data Engineer (Surquillo),Bluelight Consulting,Bluelight Consulting,Surquillo,Surquillo,Peru,Unclassified,Tiempo completo,Data Engineer,secondary,No data,No data,2026-09-28,20260928,2026-09-27,20260927,Jobrapido.com,,,https://pe.jobrapido.com/jobpreview/2466963173257773056?utm_campaign=google_jobs_apply&utm_source=google_jobs_apply&utm_medium=organic,"[""Azure"", ""ETL"", ""Python"", ""SQL""]",2026-10-04 20:45:44.666666
13,SerpApi,a7a0d4535532905d5ebfe13531dbedd7,"Senior Data Engineer, Azure",XenonStack Moments,XenonStack Moments,Perú,No especificado,Peru,Unclassified,Tiempo completo,Data Engineer,secondary,Senior,No data,2026-09-28,20260928,2026-09-26,20260926,LinkedIn,,,https://pe.linkedin.com/jobs/view/senior-data-engineer-azure-at-xenonstack-moments-4472273555?utm_campaign=google_jobs_apply&utm_source=google_jobs_apply&utm_medium=organic,"[""Automation"", ""Azure""]",2026-10-04 20:45:44.666666
14,SerpApi,d25fa65e1c3c7c0da63e339550c7be0a,Stellus - Data Engineer,SGF Global,SGF Global,Perú,No especificado,Peru,Unclassified,Tiempo completo,Data Engineer,secondary,No data,No data,2026-09-28,20260928,2026-09-24,20260924,Trabajo.org,,,https://pe.trabajo.org/oferta-4085-fb70a791760d22799b143f6c04cd304c?utm_campaign=google_jobs_apply&utm_source=google_jobs_apply&utm_medium=organic,"[""Data Pipelines"", ""ELT"", ""ETL"", ""Python"", ""SQL""]",2026-10-04 20:45:44.666666
15,SerpApi,0fbc67d57e4edbefd562e81f0ba8d62b,Remote Azure Data Engineer (Callao),Bluelight Consulting,Bluelight Consulting,Callao,Callao,Peru,Unclassified,Tiempo completo,Data Engineer,secondary,No data,No data,2026-09-28,20260928,2026-09-27,20260927,Jobrapido.com,,,https://pe.jobrapido.com/jobpreview/1818126174702796800?utm_campaign=google_jobs_apply&utm_source=google_jobs_apply&utm_medium=organic,"[""Azure"", ""ETL"", ""Python""]",2026-10-04 20:45:44.666666
16,SerpApi,597b0a60e8ed451ae785b772aba4ac75,"Data Engineer - Remote, Flexible Hours, Growth",Bluelight Consulting Llc,Bluelight Consulting Llc,Áncash,Áncash,Peru,Unclassified,Tiempo completo,Data Engineer,secondary,No data,No data,2026-09-28,20260928,2026-09-21,20260921,Buscojobs,,,https://www.buscojobs.pe/data-engineer-remote-flexible-hours-growth-en-ancash-ID-13192717?utm_campaign=google_jobs_apply&utm_source=google_jobs_apply&utm_medium=organic,"[""Data Pipelines""]",2026-10-04 20:45:44.666666
17,SerpApi,38c395c4b811caab3b862d37139a5691,Remote Data Engineer: Azure Synapse ETL Mastery,Bluelight Consulting LLC,Bluelight Consulting LLC,Callao,Callao,Peru,Unclassified,Tiempo completo,Data Engineer,secondary,No data,No data,2026-09-28,20260928,2026-09-06,20260906,BeBee,,,https://bebee.com/pe/jobs/remote-data-engineer-azure-synapse-etl-mastery-bluelight-consulting-llc-callao--jobted-b6e28295b412f7dccb98b1a313979603?utm_campaign=google_jobs_apply&utm_source=google_jobs_apply&utm_medium=organic,"[""Azure"", ""ETL"", ""Python""]",2026-10-04 20:45:44.666666
18,SerpApi,ab28b2d579cba8197e1d96f15de8f8c8,Data Engineer Junior / Ingeniero(a) de Datos Junior por proyecto - Remoto,IBR PERU S.A.,IBR PERU S.A.,Lima,Lima,Peru,Unclassified,No especificado,Data Engineer,secondary,Junior,No data,2026-09-28,20260928,2026-09-28,20260928,Bumeran Perú,,,https://www.bumeran.com.pe/empleos/data-engineer-junior-ingenieroa-de-datos-junior-por-proyecto-remoto-ibr-peru-s.a.-1118390683.html?utm_campaign=google_jobs_apply&utm_source=google_jobs_apply&utm_medium=organic,"[""APIs"", ""AWS"", ""ELT"", ""ETL"", ""MySQL"", ""PostgreSQL"", ""Power BI"", ""Python"", ""SQL"", ""SQL Server""]",2026-10-04 20:45:44.666666
19,SerpApi,368c798e90a25b33113903422f79b5b0,"Data Engineer - Remote, Flexible Hours, Growth",Bluelight Consulting LLC,Bluelight Consulting LLC,Lima,Lima,Peru,Unclassified,Tiempo completo,Data Engineer,secondary,No data,No data,2026-09-28,20260928,2026-09-07,20260907,BeBee,,,https://bebee.com/pe/jobs/data-engineer-remote-flexible-hours-growth-bluelight-consulting-llc-san-isidro--jobted-44f3a239b6f7f1901308c8514edda899?utm_campaign=google_jobs_apply&utm_source=google_jobs_apply&utm_medium=organic,"[""AWS"", ""SQL""]",2026-10-04 20:45:44.666666
20,SerpApi,c80d8d50edf77c2fbb0577e339d02a3c,"Azure Data Engineer - Remote, Latin America",Bluelight Consulting LLC,Bluelight Consulting LLC,Callao,Callao,Peru,Unclassified,Tiempo completo,Data Engineer,secondary,No data,No data,2026-09-28,20260928,2026-09-06,20260906,BeBee,,,https://bebee.com/pe/jobs/azure-data-engineer-remote-latin-america-bluelight-consulting-llc-callao--jobted-1f06c8ddca06205ed46cd6f12c0850c5?utm_campaign=google_jobs_apply&utm_source=google_jobs_apply&utm_medium=organic,"[""APIs"", ""Azure"", ""Data Integration"", ""Data Modeling"", ""Data Visualization"", ""ETL"", ""Power BI"", ""Python"", ""SQL"", ""Tableau""]",2026-10-04 20:45:44.666666
21,SerpApi,6f4f54ccdc492cebce5a6e08fa4c3e9d,Práctica Profesional - Data Analyst Jr Tur.com,COPEC S.A.,COPEC S.A.,Santiago,Santiago,Chile,Unclassified,Tiempo completo,Data Analyst,primary,Junior,No data,2026-09-29,20260929,2026-09-29,20260929,LinkedIn,,,https://cl.linkedin.com/jobs/view/pr%C3%A1ctica-profesional-data-analyst-jr-tur-com-at-copec-s-a-4471716780?utm_campaign=google_jobs_apply&utm_source=google_jobs_apply&utm_medium=organic,"[""Excel"", ""Looker"", ""Power BI"", ""SQL""]",2026-10-04 20:45:44.666666
22,SerpApi,2cbd8d995cde8f621d7c30352fb56d14,Staff Data Analyst,"Checkr, Inc.","Checkr, Inc.",Santiago,Santiago,Chile,Unclassified,Tiempo completo,Data Analyst,primary,No data,No data,2026-09-29,20260929,2026-09-29,20260929,LinkedIn,,,https://cl.linkedin.com/jobs/view/staff-data-analyst-at-checkr-inc-4473017597?utm_campaign=google_jobs_apply&utm_source=google_jobs_apply&utm_medium=organic,"[""Data Modeling"", ""Data Warehouse"", ""SQL""]",2026-10-04 20:45:44.666666
23,SerpApi,7a9d1b9c648cb57b40be8f95d14aa39d,Online Data Analyst,TELUS Digital,TELUS Digital,Santiago,Santiago,Chile,Unclassified,Medio tiempo,Data Analyst,primary,No data,No data,2026-09-29,20260929,2026-09-29,20260929,Trabajo.org,,,https://cl.trabajo.org/oferta-3829-78ffaf8c6135fcba66cbd234a8f17a6f?utm_campaign=google_jobs_apply&utm_source=google_jobs_apply&utm_medium=organic,,2026-10-04 20:45:44.666666
24,SerpApi,5f187683662242cc15d814473fdd9896,QA Data Analyst: Search Quality & Insights,Stefanini Latam,Stefanini Latam,Región Metropolitana,Región Metropolitana,Chile,Unclassified,Tiempo completo,Data Analyst,primary,No data,No data,2026-09-29,20260929,2026-09-29,20260929,BeBee,,,https://bebee.com/cl/jobs/qa-data-analyst-search-quality-insights-stefanini-latam--talent-639286593138397586?utm_campaign=google_jobs_apply&utm_source=google_jobs_apply&utm_medium=organic,,2026-10-04 20:45:44.666666
25,SerpApi,f6c0a03a3ba05983aa7280842cf7dc9d,Search QA Data Analyst: Elevate Relevance & UX KPIs,Meu Home,Meu Home,Región Metropolitana,Región Metropolitana,Chile,Unclassified,Tiempo completo,Data Analyst,primary,No data,No data,2026-09-29,20260929,2026-09-29,20260929,BeBee,,,https://bebee.com/cl/jobs/search-qa-data-analyst-elevate-relevance-ux-kpis-meu-home--talent-639278262574648436?utm_campaign=google_jobs_apply&utm_source=google_jobs_apply&utm_medium=organic,"[""Python"", ""SQL""]",2026-10-04 20:45:44.666666
26,SerpApi,163ca3d2875d127f4aeef35d41cbe72a,QA Data Analyst: Search Quality,Stefanini Latam,Stefanini Latam,Región Metropolitana,Región Metropolitana,Chile,Unclassified,Tiempo completo,Data Analyst,primary,No data,No data,2026-09-29,20260929,2026-09-29,20260929,Trabajo.org,,,https://cl.trabajo.org/oferta-5486-e7769c7768e6bc0476035e1836f2fc4d?utm_campaign=google_jobs_apply&utm_source=google_jobs_apply&utm_medium=organic,,2026-10-04 20:45:44.666666
27,SerpApi,1d49544172f30bcf2b4538bfcdb92515,"Analytics & BI Lead — Power BI, SQL & Python",L'Oréal,L'Oréal,Región Metropolitana,Región Metropolitana,Chile,Unclassified,Tiempo completo,Other / Unclassified,Unclassified,Senior,No data,2026-09-29,20260929,2026-09-29,20260929,Trabajo.org,,,https://cl.trabajo.org/oferta-1401-623f9145bb26324a3ebf7b7bf0f86b15?utm_campaign=google_jobs_apply&utm_source=google_jobs_apply&utm_medium=organic,"[""Power BI"", ""Python"", ""SQL""]",2026-10-04 20:45:44.666666
28,SerpApi,fce1ddafe6f0e2b9f36b0301ccf23d6f,Data Science Consultant in Coruña: Impactful Analytics,"Management Solutions, SL","Management Solutions, SL",Santiago,Santiago,Chile,Unclassified,Tiempo completo,Other / Unclassified,Unclassified,No data,No data,2026-09-29,20260929,2026-09-29,20260929,Jooble,,,https://cl.jooble.org/jdp/1479918552663750053?utm_campaign=google_jobs_apply&utm_source=google_jobs_apply&utm_medium=organic,,2026-10-04 20:45:44.666666
29,SerpApi,72fb48d102a0076478c13c28f2f10b84,"Data Scientist – Hybrid, Energy Analytics",Punto Azul,Punto Azul,Santiago,Santiago,Chile,Unclassified,Tiempo completo,Data Scientist,primary,No data,No data,2026-09-29,20260929,2026-09-29,20260929,Trabajo.org,,,https://cl.trabajo.org/oferta-2254-68563aeb0967be751d5f09f08ebca00d?utm_campaign=google_jobs_apply&utm_source=google_jobs_apply&utm_medium=organic,,2026-10-04 20:45:44.666666
30,SerpApi,ab5713e56c6f5ccb0f7be2411a2dff42,Public Policy Economist (AI Training),Alignerr,Alignerr,Argentina,No especificado,Argentina,Unclassified,No especificado,Other / Unclassified,Unclassified,No data,No data,2026-09-29,20260929,2026-09-29,20260929,LinkedIn,,,https://ar.linkedin.com/jobs/view/public-policy-economist-ai-training-at-alignerr-4473052435?utm_campaign=google_jobs_apply&utm_source=google_jobs_apply&utm_medium=organic,,2026-10-04 20:45:44.666666
31,SerpApi,d9a5da72c1a1a5f294ff2d723cc35ca2,Business Owners & Company Executives — Commercial Video Data Collection Partnership (20+ Employees) — Argentina,24 Mag,24 Mag,Argentina,No especificado,Argentina,Unclassified,Pasantía,Other / Unclassified,Unclassified,No data,No data,2026-09-29,20260929,2026-09-29,20260929,BeBee,,,https://bebee.com/ar/jobs/business-owners-company-executives-commercial-video-data-collection-partnership-20-employees-argenti--techmap_ar_V68V3V76?utm_campaign=google_jobs_apply&utm_source=google_jobs_apply&utm_medium=organic,,2026-10-04 20:45:44.666666
32,SerpApi,f02ca98b233116202bfff9bf8b58d06e,Data Engineer GCP,WorkCapIT,WorkCapIT,Santiago,Santiago,Chile,Unclassified,Tiempo completo,Data Engineer,secondary,No data,No data,2026-09-29,20260929,2026-09-29,20260929,BeBee,,,https://bebee.com/cl/jobs/data-engineer-gcp-workcapit-santiago-metropolitan-region--t7xk-857326166?utm_campaign=google_jobs_apply&utm_source=google_jobs_apply&utm_medium=organic,"[""ETL"", ""Python""]",2026-10-04 20:45:44.666666
33,SerpApi,7d9918e45cf9edf7b852d48ec0d069bb,Data Engineer: Cloud,Experian Group,Experian Group,Región Metropolitana,Región Metropolitana,Chile,Unclassified,Tiempo completo,Data Engineer,secondary,No data,No data,2026-09-29,20260929,2026-09-29,20260929,Trabajo.org,,,https://cl.trabajo.org/oferta-5486-24b4e0819d6e954af9ff0d263f64937c?utm_campaign=google_jobs_apply&utm_source=google_jobs_apply&utm_medium=organic,,2026-10-04 20:45:44.666666
34,SerpApi,584ff7cb9541e630f9cdabe92279ad8a,Databricks Engineer,TIPartner,TIPartner,Región Metropolitana,Región Metropolitana,Chile,Unclassified,Tiempo completo,Other / Unclassified,Unclassified,No data,No data,2026-09-29,20260929,2026-09-29,20260929,Trabajo.org,,,https://cl.trabajo.org/oferta-1401-ba8bfc0e452f903d90ffe7c208d88532?utm_campaign=google_jobs_apply&utm_source=google_jobs_apply&utm_medium=organic,"[""Azure""]",2026-10-04 20:45:44.666666
35,SerpApi,4674f06d27552eb5da2a0a8e32785057,"Junior Data Scientist: Python, SQL",Itaú Chile,Itaú Chile,Región Metropolitana,Región Metropolitana,Chile,Unclassified,Tiempo completo,Data Scientist,primary,Junior,No data,2026-09-29,20260929,2026-09-29,20260929,Trabajo.org,,,https://cl.trabajo.org/oferta-1401-37db30f9a27083b5ab2e644bbab5383a?utm_campaign=google_jobs_apply&utm_source=google_jobs_apply&utm_medium=organic,"[""Python"", ""SQL""]",2026-10-04 20:45:44.666666
36,SerpApi,4423ed0efef4c91b759dfa75fef3d4d0,Data Analyst / Inteligencia de datos / Qlik sense / Bilingüe / Modelamiento de datos - Qlik Sense,Geodis Colombia,Geodis Colombia,Bogotá,Bogotá,Colombia,Unclassified,Tiempo completo,Data Analyst,primary,No data,Requerido,2026-09-28,20260928,2026-09-24,20260924,Computrabajo,,,https://co.computrabajo.com/ofertas-de-trabajo/oferta-de-trabajo-de-data-analyst-inteligencia-de-datos-qlik-sense-bilingue-modelamiento-de-datos-qlik-sense-en-bogota-dc-134297949F71590661373E686DCF3405?utm_campaign=google_jobs_apply&utm_source=google_jobs_apply&utm_medium=organic,"[""Python""]",2026-10-04 20:45:44.666666
37,SerpApi,6d0218c410a9c292326db8563e728a3b,Business Analyst | Data Analyst) | No Experience Required,Emapta Global,Emapta Global,Bogotá,Bogotá,Colombia,Unclassified,Tiempo completo,Data Analyst,primary,No data,No data,2026-09-28,20260928,2026-09-22,20260922,LinkedIn,,,https://co.linkedin.com/jobs/view/business-analyst-data-analyst-no-experience-required-at-emapta-global-4468769594?utm_campaign=google_jobs_apply&utm_source=google_jobs_apply&utm_medium=organic,,2026-10-04 20:45:44.666666
38,SerpApi,3df2ee556dfb7004472cfd7714d19caa,Compensation & Data Analyst | Inglés Avanzado,MANPOWER,MANPOWER,Bogotá,Bogotá,Colombia,Unclassified,No especificado,Data Analyst,primary,No data,Requerido,2026-09-28,20260928,2026-09-22,20260922,El Empleo,,,https://www.elempleo.com/co/ofertas-trabajo/compensation-data-analyst-ingles-avanzado-1886770844?utm_campaign=google_jobs_apply&utm_source=google_jobs_apply&utm_medium=organic,"[""Excel""]",2026-10-04 20:45:44.666666
39,SerpApi,987589d4616ab2ea7ad62100c01195d7,"Senior Data Analyst, Digital Media Analytics",Publicis Groupe Anz,Publicis Groupe Anz,Bogotá,Bogotá,Colombia,Unclassified,Tiempo completo,Data Analyst,primary,Senior,No data,2026-09-28,20260928,2026-09-23,20260923,Buscojobs,,,https://www.buscojobs.com.co/senior-data-analyst-digital-media-analytics-en-bogota-ID-22934701?utm_campaign=google_jobs_apply&utm_source=google_jobs_apply&utm_medium=organic,,2026-10-04 20:45:44.666666
40,SerpApi,ea8c030644100f0f7f373102163249f5,Analista de Data,CASA BRITÁNICA SA,CASA BRITÁNICA SA,"Copacabana, Antioquia (y 7 ubicaciones más)",Copacabana,Colombia,Unclassified,Tiempo completo,Other / Unclassified,Unclassified,No data,No data,2026-09-28,20260928,2026-09-28,20260928,Magneto,,,https://www.magneto365.com/co/empleos/analista-de-data-1025317?utm_campaign=google_jobs_apply&utm_source=google_jobs_apply&utm_medium=organic,"[""SQL""]",2026-10-04 20:45:44.666666
41,SerpApi,53e7b557b3ca5549b63531b2126c8779,Data Analyst Team Lead,BLOSSOM,BLOSSOM,"Colombia, Huila",No especificado,Colombia,Unclassified,Tiempo completo,Data Analyst,primary,Senior,No data,2026-09-28,20260928,2026-09-23,20260923,BeBee,,,https://bebee.com/co/jobs/data-analyst-team-lead-blossom-colombia-huila--t7xk-850226461?utm_campaign=google_jobs_apply&utm_source=google_jobs_apply&utm_medium=organic,"[""APIs"", ""AWS"", ""Data Modeling"", ""ELT"", ""ETL"", ""MySQL"", ""PostgreSQL"", ""Power BI"", ""Python"", ""Tableau""]",2026-10-04 20:45:44.666666
42,SerpApi,5737fcb3d2673b9b01d6cdd48f7604dd,Senior Data Analyst — STM & Databricks Expert,Perficient,Perficient,Huila,Huila,Colombia,Unclassified,Tiempo completo,Data Analyst,primary,Senior,No data,2026-09-28,20260928,2026-09-27,20260927,WhatJobs,,,https://co.whatjobs.com/jobs/senior-data-analyst-%E2%80%94-stm/huila?id=46327663&utm_campaign=google_jobs_apply&utm_source=google_jobs_apply&utm_medium=organic,"[""SQL""]",2026-10-04 20:45:44.666666
43,SerpApi,7911fafd382d2173695e1bf1e34cda34,Data Analyst (Client Operations),Publicis Groupe Holdings B.V,Publicis Groupe Holdings B.V,Bogotá,Bogotá,Colombia,Unclassified,Tiempo completo,Data Analyst,primary,No data,No data,2026-09-28,20260928,2026-09-28,20260928,Publicis Groupe Holdings B.V Careers,,,https://careers.publicisgroupe.com/jobs/143888?lang=en-us&utm_campaign=google_jobs_apply&utm_source=google_jobs_apply&utm_medium=organic,"[""Automation"", ""Azure"", ""DAX"", ""Excel"", ""Power BI"", ""Power Query"", ""Python""]",2026-10-04 20:45:44.666666
44,SerpApi,703b0b4c2b18543cc4305bf2bea4c3ef,Analista de Datos (Reportes e Indicadores) - Cali,LISTOS S.A.S,LISTOS S.A.S,"Yumbo, Valle del Cauca (y 2 ubicaciones más)",Yumbo,Colombia,Unclassified,Medio tiempo,Analista de Datos,primary,No data,No data,2026-09-28,20260928,2026-09-14,20260914,Magneto,,,https://www.magneto365.com/co/empleos/analista-de-datos-reportes-e-indicadores-cali-1064065?utm_campaign=google_jobs_apply&utm_source=google_jobs_apply&utm_medium=organic,"[""Excel""]",2026-10-04 20:45:44.666666
45,SerpApi,183a8e4b9851195a815f2efe74412049,"Senior Data Analyst — Remote, LookML",Truelogic,Truelogic,Colombia,No especificado,Colombia,Unclassified,Tiempo completo,Data Analyst,primary,Senior,No data,2026-09-28,20260928,2026-09-26,20260926,Trabajo.org,,,https://co.trabajo.org/oferta-2929-06218aec731a29e892abf04c9959d1b1?utm_campaign=google_jobs_apply&utm_source=google_jobs_apply&utm_medium=organic,"[""Looker"", ""SQL""]",2026-10-04 20:45:44.666666
46,SerpApi,69952776d6931e71eb4cb542560e8160,Data & Analytics Manager - Remote | LATAM | Performance Marketing for Universities ??,Atomic - Remote Jobs,Atomic - Remote Jobs,Bogotá,Bogotá,Colombia,Unclassified,Tiempo completo,Other / Unclassified,Unclassified,No data,No data,2026-09-29,20260929,2026-09-29,20260929,LinkedIn,,,https://co.linkedin.com/jobs/view/data-analytics-manager-remote-latam-performance-marketing-for-universities-%F0%9F%93%88%F0%9F%8E%93-at-atomic-remote-jobs-4471586573?utm_campaign=google_jobs_apply&utm_source=google_jobs_apply&utm_medium=organic,"[""Data Visualization""]",2026-10-04 20:45:44.666666
47,SerpApi,11c6b998af6168197f52ae816433c184,Head of Data,DROPI,DROPI,"Cali, Valle del Cauca",Cali,Colombia,Unclassified,Tiempo completo,Other / Unclassified,Unclassified,No data,No data,2026-09-29,20260929,2026-09-29,20260929,Computrabajo,,,https://co.computrabajo.com/ofertas-de-trabajo/oferta-de-trabajo-de-head-of-data-en-cali-715BFBF1CFC4E70A61373E686DCF3405?utm_campaign=google_jobs_apply&utm_source=google_jobs_apply&utm_medium=organic,"[""AWS"", ""Data Warehouse"", ""ELT"", ""ETL"", ""PostgreSQL""]",2026-10-04 20:45:44.666666
48,SerpApi,b678357c9182766d23ce85472a0314d8,"Remote Tech Lead, Data Engineering — Scalable Pipelines",Lumenalta,Lumenalta,Colombia,No especificado,Colombia,Unclassified,Tiempo completo,Other / Unclassified,Unclassified,Senior,No data,2026-09-29,20260929,2026-09-29,20260929,BeBee,,,https://bebee.com/co/jobs/remote-tech-lead-data-engineering-scalable-pipelines-lumenalta--jobted-3f2de1eb87452ee954c0af393a0d63b1?utm_campaign=google_jobs_apply&utm_source=google_jobs_apply&utm_medium=organic,"[""AWS"", ""SQL""]",2026-10-04 20:45:44.666666
49,SerpApi,fc27f8a2eab01d08a88d37d0c198c0d4,"Lead Data Analyst, Growth & Experimentation",LawnStarter,LawnStarter,Bogotá,Bogotá,Colombia,Unclassified,Tiempo completo,Data Analyst,primary,Senior,No data,2026-09-29,20260929,2026-09-29,20260929,Indeed,,,https://co.indeed.com/viewjob?jk=d0e48d1d0c92b760&utm_campaign=google_jobs_apply&utm_source=google_jobs_apply&utm_medium=organic,"[""Automation"", ""Python"", ""SQL""]",2026-10-04 20:45:44.666666
50,SerpApi,0706d9f47c4d00d02e0ad5a13e462c18,Ingeniero/a de Datos Open Source,NTT DATA Europe & Latam,NTT DATA Europe & Latam,"Medellín, Antioquia",Medellín,Colombia,Unclassified,Tiempo completo,Other / Unclassified,Unclassified,No data,No data,2026-09-29,20260929,2026-09-29,20260929,BeBee,,,https://bebee.com/co/jobs/ingeniero-de-datos-open-source-ntt-data-europe-latam-medellin-antioquia--t7xk-857625020?utm_campaign=google_jobs_apply&utm_source=google_jobs_apply&utm_medium=organic,"[""AWS""]",2026-10-04 20:45:44.666666
51,SerpApi,7a9b5d823ba3d2b4e8340d9fc8b2c181,Data Integration Solution Architect (6-month Contract),Applaudo,Applaudo,Bogotá,Bogotá,Colombia,Unclassified,No especificado,Other / Unclassified,Unclassified,No data,No data,2026-09-29,20260929,2026-09-29,20260929,BeBee,,,https://bebee.com/co/jobs/data-integration-solution-architect-6-month-contract-applaudo-bogota--jobted-b92032e7e7b6c6ecb65b7fb48773aad7?utm_campaign=google_jobs_apply&utm_source=google_jobs_apply&utm_medium=organic,"[""Data Integration""]",2026-10-04 20:45:44.666666
52,SerpApi,56528f945fe83a97bfe4b0752d478351,Data Management,WPP Media,WPP Media,"Medellín, Antioquia",Medellín,Colombia,Unclassified,Tiempo completo,Other / Unclassified,Unclassified,No data,No data,2026-09-29,20260929,2026-09-29,20260929,Trabajo.org,,,https://co.trabajo.org/oferta-2255-17accb7309ba3228ea7394f88f56e5b2?utm_campaign=google_jobs_apply&utm_source=google_jobs_apply&utm_medium=organic,"[""Automation"", ""Azure"", ""Data Pipelines""]",2026-10-04 20:45:44.666666
53,SerpApi,b3fb842ae72112d633be573d6d5dd464,"Senior Data, Platform & Solutions Engineer",confidential,confidential,"Colombia, Huila",No especificado,Colombia,Unclassified,Tiempo completo,Other / Unclassified,Unclassified,Senior,No data,2026-09-29,20260929,2026-09-29,20260929,Jooble,,,https://co.jooble.org/jdp/2416156848199415815?utm_campaign=google_jobs_apply&utm_source=google_jobs_apply&utm_medium=organic,"[""AWS"", ""Azure"", ""Data Modeling"", ""Data Pipelines"", ""SQL""]",2026-10-04 20:45:44.666666
54,SerpApi,4574733fadd01a76139286ad4505ebe9,Remote Senior Go/React Engineer – Build Data Platforms,FXC Intelligence Ltd.,FXC Intelligence Ltd.,Bogotá,Bogotá,Colombia,Unclassified,Tiempo completo,Other / Unclassified,Unclassified,Senior,No data,2026-09-29,20260929,2026-09-29,20260929,BeBee,,,https://bebee.com/co/jobs/remote-senior-go-react-engineer-build-data-platforms-fxc-intelligence-ltd-bogota--jobted-1fc630e1da9c4a97d78cbdcc6d90e0d9?utm_campaign=google_jobs_apply&utm_source=google_jobs_apply&utm_medium=organic,,2026-10-04 20:45:44.666666
55,SerpApi,1a9c571482186b1dbb55758132cbce45,Senior Databricks Engineer Id86295,INGEPSY,INGEPSY,Cauca,Cauca,Colombia,Unclassified,Tiempo completo,Other / Unclassified,Unclassified,Senior,No data,2026-09-29,20260929,2026-09-29,20260929,Trabajo.org,,,https://co.trabajo.org/oferta-2255-5b7efaec5440393f4479f84f868b9d53?utm_campaign=google_jobs_apply&utm_source=google_jobs_apply&utm_medium=organic,"[""Azure"", ""Data Modeling"", ""Data Pipelines"", ""Data Warehouse"", ""ETL"", ""PostgreSQL"", ""Python"", ""SQL""]",2026-10-04 20:45:44.666666
56,SerpApi,b9fd13dcea5235917ad1e73489c30bce,Data Platform Engineer,Accenture,Accenture,Santiago,Santiago,Chile,Unclassified,Tiempo completo,Other / Unclassified,Unclassified,No data,No data,2026-09-28,20260928,2026-09-24,20260924,Accenture,,,https://www.accenture.com/cl-es/careers/jobdetails?id=14716343_es&title=Data+Platform+Engineer&utm_campaign=google_jobs_apply&utm_source=google_jobs_apply&utm_medium=organic,"[""Azure"", ""Pandas"", ""Python"", ""SQL"", ""SQL Server""]",2026-10-04 20:45:44.666666
57,SerpApi,010a77576e3f40f4281a9d2c945449cf,Data Engineer - Google Cloud Platform,CODERLAB SPA,CODERLAB SPA,Las Condes,Las Condes,Chile,Unclassified,Tiempo completo,Data Engineer,secondary,No data,No data,2026-09-28,20260928,2026-09-24,20260924,Computrabajo,,,https://cl.computrabajo.com/ofertas-de-trabajo/oferta-de-trabajo-de-data-engineer-google-cloud-platform-en-santiago-las-condes-CE50F390233445C761373E686DCF3405?utm_campaign=google_jobs_apply&utm_source=google_jobs_apply&utm_medium=organic,"[""ELT"", ""Google Cloud"", ""Python"", ""SQL""]",2026-10-04 20:45:44.666666
58,SerpApi,1118dc4c0b20d464fd11698bc9e22303,Ingeniero/a de datos - Semi senior,Experis Chile,Experis Chile,Las Condes,Las Condes,Chile,Unclassified,Tiempo completo,Other / Unclassified,Unclassified,Senior,No data,2026-09-28,20260928,2026-09-25,20260925,LinkedIn,,,https://cl.linkedin.com/jobs/view/ingeniero-a-de-datos-semi-senior-at-experis-chile-4471898555?utm_campaign=google_jobs_apply&utm_source=google_jobs_apply&utm_medium=organic,"[""AWS"", ""ETL"", ""PostgreSQL""]",2026-10-04 20:45:44.666666
59,SerpApi,3d20b65cc98be345e5e830d1d687e9f4,DATA ENGINEER ESS&A,Experian,Experian,Santiago,Santiago,Chile,Unclassified,Tiempo completo,Data Engineer,secondary,No data,No data,2026-09-28,20260928,2026-09-23,20260923,Experian,,,https://jobs.experian.com/job/data-engineer-ess-and-a-in-santiago-chile-jid-6222?utm_campaign=google_jobs_apply&utm_source=google_jobs_apply&utm_medium=organic,"[""Python"", ""SQL""]",2026-10-04 20:45:44.666666
60,SerpApi,43142cac7fbbc11e03fdc88eeabf53b4,Data Engineer - GCP,WorkCapIT,WorkCapIT,Santiago,Santiago,Chile,Unclassified,Tiempo completo,Data Engineer,secondary,No data,No data,2026-09-28,20260928,2026-09-25,20260925,BeBee,,,https://bebee.com/cl/jobs/data-engineer-gcp-workcapit-santiago-santiago-metropolitan-region--t7xk-853459008?utm_campaign=google_jobs_apply&utm_source=google_jobs_apply&utm_medium=organic,"[""Data Pipelines"", ""ETL""]",2026-10-04 20:45:44.666666
61,SerpApi,8df03393c8ec73c72abbe1005e51fe5c,"Ingeniero de Datos Senior: GCP, Dataflow y BigQuery",Amaris Consulting | Part of Mantu,Amaris Consulting | Part of Mantu,Santiago,Santiago,Chile,Unclassified,Tiempo completo,Ingeniero de Datos,secondary,Senior,No data,2026-09-28,20260928,2026-09-27,20260927,Trabajo.org,,,https://cl.trabajo.org/oferta-2254-4c58867da875f3b70af3d20eece76ddb?utm_campaign=google_jobs_apply&utm_source=google_jobs_apply&utm_medium=organic,"[""Google Cloud"", ""Python""]",2026-10-04 20:45:44.666666
62,SerpApi,bb41ef54587b47a4e3002a3d71bcbbe3,Data Engineer,TIMINING,TIMINING,Providencia,Providencia,Chile,Unclassified,Tiempo completo,Data Engineer,secondary,No data,No data,2026-09-28,20260928,2026-09-02,20260902,Get On Board,,,https://www.getonbrd.cl/jobs/data-science-analytics/data-engineer-timining-santiago-45d2?utm_campaign=google_jobs_apply&utm_source=google_jobs_apply&utm_medium=organic,"[""ETL"", ""Python"", ""SQL""]",2026-10-04 20:45:44.666666
63,SerpApi,248dc796e30091333a6058945ca9e7f8,Data Engineer - Oferta Inclusiva,Empresa de Transporte de Pasajeros METRO S.A,Empresa de Transporte de Pasajeros METRO S.A,Santiago,Santiago,Chile,Unclassified,Medio tiempo,Data Engineer,secondary,No data,No data,2026-09-28,20260928,2026-09-16,20260916,Trabajando.cl,,,https://www.trabajando.cl/trabajo/6115811-data-engineer-oferta-inclusiva?utm_campaign=google_jobs_apply&utm_source=google_jobs_apply&utm_medium=organic,"[""APIs"", ""AWS"", ""Python"", ""SQL""]",2026-10-04 20:45:44.666666
64,SerpApi,7619ec2bccb9aee0e6b32fb0b59bdc6d,Data Analytics Engineer,Toptal,Toptal,Chile,No especificado,Chile,Unclassified,Tiempo completo,Data Analytics,primary,No data,No data,2026-09-28,20260928,2026-09-23,20260923,LinkedIn,,,https://cl.linkedin.com/jobs/view/data-analytics-engineer-at-toptal-4470977299?utm_campaign=google_jobs_apply&utm_source=google_jobs_apply&utm_medium=organic,"[""Data Modeling"", ""Data Warehouse"", ""Power BI"", ""Python"", ""SQL"", ""Tableau""]",2026-10-04 20:45:44.666666
65,SerpApi,e42ad52c448334ee787ce8c447430318,Data Engineer,NeuralWorks,NeuralWorks,Las Condes,Las Condes,Chile,Unclassified,Tiempo completo,Data Engineer,secondary,No data,No data,2026-09-28,20260928,2026-09-17,20260917,Get On Board,,,https://www.getonbrd.com/jobs/data-science-analytics/data-engineer-neuralworks-santiago-3ed2?utm_campaign=google_jobs_apply&utm_source=google_jobs_apply&utm_medium=organic,"[""AWS"", ""Azure"", ""Data Pipelines"", ""Python"", ""SQL""]",2026-10-04 20:45:44.666666
66,SerpApi,7d14d46fc10ab2b4b31d6771bf1582ae,Financial Planning & Analysis Data Analyst - Remote Work,BairesDev,BairesDev,Perú,No especificado,Peru,Unclassified,Tiempo completo,Data Analyst,primary,No data,No data,2026-09-28,20260928,2026-09-25,20260925,BeBee,,,https://bebee.com/pe/jobs/financial-planning-analysis-data-analyst-remote-work-bairesdev--fj-2381693886?utm_campaign=google_jobs_apply&utm_source=google_jobs_apply&utm_medium=organic,"[""Excel"", ""SQL""]",2026-10-04 20:45:44.666666
67,SerpApi,d1c66e8815c2abb114bd52d5d252edb6,"SaaS Product Analyst — Data-Driven, Remote (Huánuco)",Bluelight Consulting,Bluelight Consulting,Huánuco,Huánuco,Peru,Unclassified,Tiempo completo,Other / Unclassified,Unclassified,No data,No data,2026-09-28,20260928,2026-09-21,20260921,Jobrapido.com,,,https://pe.jobrapido.com/jobpreview/9083496357309710336?utm_campaign=google_jobs_apply&utm_source=google_jobs_apply&utm_medium=organic,"[""Power BI""]",2026-10-04 20:45:44.666666
68,SerpApi,24f265f6d11f0685e592393f268f4eac,Consultor Microsoft Data Analyst,We Are TIMS,We Are TIMS,Perú,No especificado,Peru,Unclassified,No especificado,Data Analyst,primary,No data,No data,2026-09-28,20260928,2026-09-28,20260928,Jobgether,,,https://jobgether.com/offer/6a88d1951de6f4542a4dca28-consultor-microsoft-data-analyst?utm_campaign=google_jobs_apply&utm_source=google_jobs_apply&utm_medium=organic,"[""DAX"", ""Power BI"", ""Power Query""]",2026-10-04 20:45:44.666666
69,SerpApi,7950e9f6c3af212df6b24af4c050d436,AI Data Quality Analyst,Alignerr,Alignerr,Perú,No especificado,Peru,Unclassified,No especificado,Other / Unclassified,Unclassified,No data,No data,2026-09-28,20260928,2026-09-28,20260928,BeBee,,,https://bebee.com/pe/jobs/ai-data-quality-analyst-alignerr-peru--techmap_pe_4456108604?utm_campaign=google_jobs_apply&utm_source=google_jobs_apply&utm_medium=organic,,2026-10-04 20:45:44.666666
70,SerpApi,73ad950ed5e253f55b9b8187dafcb81b,Marketing Operations Tech Analyst - Latin America - Remote,Azumo,Azumo,Perú,No especificado,Peru,Unclassified,Tiempo completo,Other / Unclassified,Unclassified,No data,No data,2026-09-28,20260928,2026-09-01,20260901,BeBee,,,https://bebee.com/pe/jobs/marketing-operations-tech-analyst-latin-america-remote-azumo-peru--techmap_pe_4459555036?utm_campaign=google_jobs_apply&utm_source=google_jobs_apply&utm_medium=organic,"[""Automation""]",2026-10-04 20:45:44.666666
71,SerpApi,b38b1faf7fdd3c13b95ce3d6d8a534d8,Senior Business Analyst Mining (100% remote) (Perú),Tether Operations,Tether Operations,Perú,No especificado,Peru,Unclassified,Tiempo completo,Other / Unclassified,Unclassified,Senior,No data,2026-09-28,20260928,2026-09-18,20260918,Jobrapido.com,,,https://pe.jobrapido.com/jobpreview/9087926839413833728?utm_campaign=google_jobs_apply&utm_source=google_jobs_apply&utm_medium=organic,"[""Excel""]",2026-10-04 20:45:44.666666
72,SerpApi,bd00966a75194b61604193063971148c,Financial Planning & Analysis Data Analyst - Remote Work,BairesDev,BairesDev,Perú,No especificado,Peru,Unclassified,Tiempo completo,Data Analyst,primary,No data,No data,2026-09-28,20260928,2026-09-25,20260925,BeBee,,,https://bebee.com/pe/jobs/financial-planning-analysis-data-analyst-remote-work-bairesdev--fj-2381693886?utm_campaign=google_jobs_apply&utm_source=google_jobs_apply&utm_medium=organic,"[""Excel"", ""SQL""]",2026-10-04 20:45:44.666666
73,SerpApi,a69039d26c5f23ce89a32feab2e8483f,Analista datos Junior,Inetum,Inetum,Perú,No especificado,Peru,Unclassified,Tiempo completo,Other / Unclassified,Unclassified,Junior,No data,2026-09-28,20260928,2026-09-16,20260916,LinkedIn,,,https://pe.linkedin.com/jobs/view/analista-datos-junior-at-inetum-4465580603?utm_campaign=google_jobs_apply&utm_source=google_jobs_apply&utm_medium=organic,"[""Excel"", ""Power BI"", ""SQL""]",2026-10-04 20:45:44.666666
74,SerpApi,1de4f80fa2139286bb7b8c235314d018,Data Science Senior Analyst,RIPLEY CHILE S A,RIPLEY CHILE S A,Perú,No especificado,Peru,Unclassified,Tiempo completo,Other / Unclassified,Unclassified,Senior,No data,2026-09-28,20260928,2026-09-14,20260914,Ripley.csod.com,,,https://ripley.csod.com/ux/ats/careersite/4/home/requisition/29826?c=ripley&utm_campaign=google_jobs_apply&utm_source=google_jobs_apply&utm_medium=organic,,2026-10-04 20:45:44.666666
75,SerpApi,39c2082d9c128c6999fdac6e5d94cec4,Data Analyst Call Center,JD STRATEGIC PARTNER,JD STRATEGIC PARTNER,Perú,No especificado,Peru,Unclassified,Tiempo completo,Data Analyst,primary,No data,No data,2026-09-28,20260928,2026-09-11,20260911,BeBee,,,https://bebee.com/pe/jobs/data-analyst-call-center-jd-strategic-partner-miraflores-lima--t7xk-836295453?utm_campaign=google_jobs_apply&utm_source=google_jobs_apply&utm_medium=organic,"[""Excel"", ""Power BI"", ""SQL"", ""Tableau""]",2026-10-04 20:45:44.666666
76,SerpApi,35f6ae6f46ab6c8c1858f3a794555ef8,Lead Product Data Analyst,LawnStarter,LawnStarter,Perú,No especificado,Peru,Unclassified,Tiempo completo,Data Analyst,primary,Senior,No data,2026-09-28,20260928,2026-09-25,20260925,BeBee,,,https://bebee.com/pe/jobs/lead-product-data-analyst-lawnstarter--fj-2383359019?utm_campaign=google_jobs_apply&utm_source=google_jobs_apply&utm_medium=organic,"[""Data Warehouse"", ""Python"", ""SQL""]",2026-10-04 20:45:44.666666
77,SerpApi,a7a80b4d727ffc19f543c276d962cf0c,Analista de Datos Jr.,Inetum,Inetum,Perú,No especificado,Peru,Unclassified,Tiempo completo,Analista de Datos,primary,Junior,No data,2026-09-28,20260928,2026-09-22,20260922,LinkedIn,,,https://pe.linkedin.com/jobs/view/analista-de-datos-jr-at-inetum-4205305077?utm_campaign=google_jobs_apply&utm_source=google_jobs_apply&utm_medium=organic,"[""ETL""]",2026-10-04 20:45:44.666666
78,SerpApi,9b7a538bc56027b7e8fef938bef0113d,Sr Data Analyst (Tableau),Coderio,Coderio,Perú,No especificado,Peru,Unclassified,Tiempo completo,Data Analyst,primary,Senior,No data,2026-09-28,20260928,2026-09-16,20260916,Indeed,,,https://pe.indeed.com/viewjob?jk=f4d7be0a3a2a8d90&utm_campaign=google_jobs_apply&utm_source=google_jobs_apply&utm_medium=organic,"[""Data Visualization"", ""Tableau""]",2026-10-04 20:45:44.666666
79,SerpApi,e704e29506fbb212aef200389ae08b52,Data Analyst Intern,GoTo Financial,GoTo Financial,Perú,No especificado,Peru,Unclassified,Tiempo completo,Data Analyst,primary,No data,No data,2026-09-28,20260928,2026-09-26,20260926,JobLeads,,,https://www.jobleads.com/pe/job/data-analyst-intern--asia--e2c67e55fd22a7e55a71c5a0a5acc0fc4?utm_campaign=google_jobs_apply&utm_source=google_jobs_apply&utm_medium=organic,"[""Excel""]",2026-10-04 20:45:44.666666
80,SerpApi,581ec7894650fd7dddc8c8c04f2ac148,Data Analyst - Contractor - Ingles avanzado (Perú),Ecosistemas,Ecosistemas,Perú,No especificado,Peru,Unclassified,Tiempo completo,Data Analyst,primary,No data,Requerido,2026-09-28,20260928,2026-09-16,20260916,Jobrapido.com,,,https://pe.jobrapido.com/jobpreview/6494281438949539840?utm_campaign=google_jobs_apply&utm_source=google_jobs_apply&utm_medium=organic,"[""APIs"", ""Data Modeling"", ""Python"", ""SQL""]",2026-10-04 20:45:44.666666
81,SerpApi,f464c8e3a871aaa31131dfd7e21aa086,Business Data Analytics,CORE Consultoría & Recuperaciones,CORE Consultoría & Recuperaciones,Perú,No especificado,Peru,Unclassified,Tiempo completo,Data Analytics,primary,No data,No data,2026-09-28,20260928,2026-09-19,20260919,BeBee,,,https://bebee.com/pe/jobs/business-data-analytics-core-consultoria-recuperaciones-san-isidro--t7xk-846981469?utm_campaign=google_jobs_apply&utm_source=google_jobs_apply&utm_medium=organic,"[""Excel"", ""Power BI"", ""Python""]",2026-10-04 20:45:44.666666
82,SerpApi,be501f2ff77fc32be4864e5140eaa8ee,Senior Power BI & Data Visualization Engineer - Remote - Latin America,FullStack,FullStack,Perú,No especificado,Peru,Unclassified,Tiempo completo,Other / Unclassified,Unclassified,Senior,No data,2026-09-29,20260929,2026-09-29,20260929,BeBee,,,https://bebee.com/pe/jobs/senior-power-bi-data-visualization-engineer-remote-latin-america-fullstack--fj-2387039400?utm_campaign=google_jobs_apply&utm_source=google_jobs_apply&utm_medium=organic,"[""DAX"", ""Data Integration"", ""Data Visualization"", ""Power BI"", ""Power Query"", ""SQL""]",2026-10-04 20:45:44.666666
83,SerpApi,5437f18ff00113adbc7dd33a1f75f557,Data & Analytics Engineer,Curvion Blue,Curvion Blue,Perú,No especificado,Peru,Unclassified,Tiempo completo,Analytics Engineer,primary,No data,No data,2026-10-02,20261002,2026-10-02,20261002,BeBee,,,https://bebee.com/pe/jobs/data-analytics-engineer-curvion-blue--fj-2393867640?utm_campaign=google_jobs_apply&utm_source=google_jobs_apply&utm_medium=organic,"[""Automation"", ""ELT"", ""ETL"", ""Looker"", ""Python"", ""SQL""]",2026-10-04 20:45:44.666666
84,SerpApi,69e470f83b7a4b37770798439601aed5,Data Engineer Azure / Microsoft Fabric San Isidro (Perú),Indra Peru,Indra Peru,Perú,No especificado,Peru,Unclassified,Tiempo completo,Data Engineer,secondary,No data,No data,2026-10-02,20261002,2026-09-30,20260930,Jobrapido.com,,,https://pe.jobrapido.com/jobpreview/8760528629265334272?utm_campaign=google_jobs_apply&utm_source=google_jobs_apply&utm_medium=organic,"[""Azure""]",2026-10-04 20:45:44.666666
85,SerpApi,56ad01fb7a3336571389b3cc7f077309,Binance Acceleration Program - Product Data Analyst,Binance,Binance,Perú,No especificado,Peru,Unclassified,Tiempo completo,Data Analyst,primary,No data,No data,2026-10-02,20261002,2026-09-29,20260929,JobLeads,,,https://www.jobleads.com/pe/job/binance-acceleration-program-product-data-analyst--asia--e3fb14afb37196d03fca978a35c2a99b8?utm_campaign=google_jobs_apply&utm_source=google_jobs_apply&utm_medium=organic,"[""Data Pipelines"", ""Data Visualization"", ""Python"", ""SQL"", ""Tableau""]",2026-10-04 20:45:44.666666
86,SerpApi,0993d48f85fa4a5e17e86610a810f49d,Azure Data Engineer (Mid-Senior Level),BairesDev,BairesDev,Perú,No especificado,Peru,Unclassified,Tiempo completo,Data Engineer,secondary,Senior,No data,2026-10-02,20261002,2026-09-30,20260930,Jaabz Jobs,,,https://jaabz.com/jobs/277671-azure-data-engineer-remote-work-ref303442?utm_campaign=google_jobs_apply&utm_source=google_jobs_apply&utm_medium=organic,"[""Azure""]",2026-10-04 20:45:44.666666
87,SerpApi,23f87f21ce1c1d01a3172d5e66e5b544,"Lead Data Analyst, Growth & Experimentation (Perú)",LawnStarter,LawnStarter,Perú,No especificado,Peru,Unclassified,Tiempo completo,Data Analyst,primary,Senior,No data,2026-10-02,20261002,2026-09-30,20260930,Jobrapido.com,,,https://pe.jobrapido.com/jobpreview/1079442927081488384?utm_campaign=google_jobs_apply&utm_source=google_jobs_apply&utm_medium=organic,"[""Automation"", ""Python"", ""SQL""]",2026-10-04 20:45:44.666666
88,SerpApi,ff4d99b4d6a80102a6c736f61a5a2f09,Sr Data Scientist (Perú),STEFANINI LATAM,STEFANINI LATAM,Perú,No especificado,Peru,Unclassified,Tiempo completo,Data Scientist,primary,Senior,No data,2026-10-02,20261002,2026-09-29,20260929,Jobrapido.com,,,https://pe.jobrapido.com/jobpreview/2562118963974635520?utm_campaign=google_jobs_apply&utm_source=google_jobs_apply&utm_medium=organic,"[""Google Cloud"", ""Looker"", ""NumPy"", ""Pandas"", ""Python"", ""SQL""]",2026-10-04 20:45:44.666666
89,SerpApi,6c876a0ff1dff62cbf67602da6aa9448,Data Engineer Senior / ETL – SSIS,INDRA PERU,INDRA PERU,Perú,No especificado,Peru,Unclassified,Tiempo completo,Data Engineer,secondary,Senior,No data,2026-10-02,20261002,2026-09-29,20260929,Jobted,,,https://www.jobted.com.pe/job/9ce20d0236a22eb3d473efa2cdeec91d?utm_campaign=google_jobs_apply&utm_source=google_jobs_apply&utm_medium=organic,"[""ETL"", ""SQL"", ""SQL Server""]",2026-10-04 20:45:44.666666
90,SerpApi,da603ef7cfd77dbed6b33fab7c5539d4,CISO/VP Data Security (Perú),Veta Virtual,Veta Virtual,Perú,No especificado,Peru,Unclassified,Tiempo completo,Other / Unclassified,Unclassified,No data,No data,2026-10-02,20261002,2026-09-30,20260930,Jobrapido.com,,,https://pe.jobrapido.com/jobpreview/3503631595472945152?utm_campaign=google_jobs_apply&utm_source=google_jobs_apply&utm_medium=organic,,2026-10-04 20:45:44.666666
91,SerpApi,4ea09d4c7b727e4864eb3865589e7ec2,"Graphic Designer, Data Visualization",INFUSE,INFUSE,Perú,No especificado,Peru,Unclassified,Tiempo completo,Other / Unclassified,Unclassified,No data,No data,2026-10-02,20261002,2026-09-29,20260929,Trabajo.org,,,https://pe.trabajo.org/oferta-4085-e410b0a4097245a225ae4982abdaa851?utm_campaign=google_jobs_apply&utm_source=google_jobs_apply&utm_medium=organic,"[""Data Visualization""]",2026-10-04 20:45:44.666666
92,SerpApi,87aa4d8857668c783ef0e91366eb1748,Data Scientist AWS (Perú),Coderio,Coderio,Perú,No especificado,Peru,Unclassified,Tiempo completo,Data Scientist,primary,No data,No data,2026-10-02,20261002,2026-09-29,20260929,Jobrapido.com,,,https://pe.jobrapido.com/jobpreview/6525018355223494656?utm_campaign=google_jobs_apply&utm_source=google_jobs_apply&utm_medium=organic,"[""AWS"", ""ELT"", ""ETL"", ""Python""]",2026-10-04 20:45:44.666666
93,SerpApi,6a83e929410a891737ea845e107a6f3b,Binance Acceleration Program - Product Data Analyst,Binance,Binance,Perú,No especificado,Peru,Unclassified,Tiempo completo,Data Analyst,primary,No data,No data,2026-10-02,20261002,2026-09-29,20260929,JobLeads,,,https://www.jobleads.com/pe/job/binance-acceleration-program-product-data-analyst--asia--e3fb14afb37196d03fca978a35c2a99b8?utm_campaign=google_jobs_apply&utm_source=google_jobs_apply&utm_medium=organic,"[""Data Pipelines"", ""Data Visualization"", ""Python"", ""SQL"", ""Tableau""]",2026-10-04 20:45:44.666666
94,SerpApi,731db95d45c821eb80445fff9d39aa18,Analista De Informacion Analytics SBP,Scotiabank,Scotiabank,Perú,No especificado,Peru,Unclassified,Tiempo completo,Other / Unclassified,Unclassified,No data,No data,2026-10-02,20261002,2026-09-30,20260930,Scotiabank,,,https://jobs.scotiabank.com/job/San-Isidro-Analista-De-Informacion-Analytics-SBP-LIM/605779417/?utm_campaign=google_jobs_apply&utm_source=google_jobs_apply&utm_medium=organic,"[""Azure"", ""ETL"", ""SQL""]",2026-10-04 20:45:44.666666
95,SerpApi,2f08bd08f11b04786c031b5245a213b6,"Lead Data Analyst, Growth & Experimentation (Perú)",LawnStarter,LawnStarter,Perú,No especificado,Peru,Unclassified,Tiempo completo,Data Analyst,primary,Senior,No data,2026-10-02,20261002,2026-09-30,20260930,Jobrapido.com,,,https://pe.jobrapido.com/jobpreview/1079442927081488384?utm_campaign=google_jobs_apply&utm_source=google_jobs_apply&utm_medium=organic,"[""Automation"", ""Python"", ""SQL""]",2026-10-04 20:45:44.666666
96,SerpApi,0dac6080fb719dbc4d0c82b909c91399,Healthcare Data Analyst (Perú),Bairesdev,Bairesdev,Perú,No especificado,Peru,Unclassified,Tiempo completo,Data Analyst,primary,No data,No data,2026-10-02,20261002,2026-09-29,20260929,Jobrapido.com,,,https://pe.jobrapido.com/jobpreview/7269517469599924224?utm_campaign=google_jobs_apply&utm_source=google_jobs_apply&utm_medium=organic,"[""Data Visualization""]",2026-10-04 20:45:44.666666
97,SerpApi,350df4c5a6f87cd9485af3786e3e2c18,Business Intelligence Senior Analyst,Ripley,Ripley,Perú,No especificado,Peru,Unclassified,Medio tiempo,Other / Unclassified,Unclassified,Senior,No data,2026-10-02,20261002,2026-09-29,20260929,Trabajo.org,,,https://pe.trabajo.org/oferta-4085-215d36b60a670335ed4e88d3059e6fe7?utm_campaign=google_jobs_apply&utm_source=google_jobs_apply&utm_medium=organic,"[""AWS"", ""ETL""]",2026-10-04 20:45:44.666666
98,SerpApi,fad9417fc11ef90fdc6d753b596e9721,Data Scientist / Machine Learning Engineer,In All Media Inc,In All Media Inc,Perú,No especificado,Peru,Unclassified,Tiempo completo,Data Scientist,primary,No data,No data,2026-10-02,20261002,2026-09-30,20260930,Jooble,,,https://pe.jooble.org/jdp/8779518684869838856?utm_campaign=google_jobs_apply&utm_source=google_jobs_apply&utm_medium=organic,"[""AWS"", ""Azure"", ""Data Pipelines"", ""Python"", ""SQL""]",2026-10-04 20:45:44.666666
99,SerpApi,0a36ef40ab8e4a2a4ac510212beb8a9d,Senior Financial Analyst (Perú),Main CFO,Main CFO,Perú,No especificado,Peru,Unclassified,Tiempo completo,Other / Unclassified,Unclassified,Senior,No data,2026-10-02,20261002,2026-09-29,20260929,Jobrapido.com,,,https://pe.jobrapido.com/jobpreview/5022787504030351360?utm_campaign=google_jobs_apply&utm_source=google_jobs_apply&utm_medium=organic,"[""Excel""]",2026-10-04 20:45:44.666666
100,SerpApi,10f28b46676cb6aea48d91f555b7d34a,Senior Data Engineer – Python & Apache Flink - Remote Work | REF#305373,BairesDev,BairesDev,Lima,Lima,Peru,Unclassified,Tiempo completo,Data Engineer,secondary,Senior,No data,2026-10-02,20261002,2026-10-01,20261001,LinkedIn,,,https://pe.linkedin.com/jobs/view/senior-data-engineer-%E2%80%93-python-apache-flink-remote-work-ref%23305373-at-bairesdev-4474355279?utm_campaign=google_jobs_apply&utm_source=google_jobs_apply&utm_medium=organic,"[""AWS"", ""Data Pipelines"", ""ELT"", ""ETL"", ""PostgreSQL"", ""Python""]",2026-10-04 20:45:44.666666
101,SerpApi,5e21c7251dfda7ca47e96dffd861d6b9,Cloud Data Engineer - Remote Work,BairesDev,BairesDev,Surquillo,Surquillo,Peru,Unclassified,Tiempo completo,Data Engineer,secondary,No data,No data,2026-10-02,20261002,2026-09-29,20260929,BeBee,,,https://bebee.com/pe/jobs/cloud-data-engineer-remote-work-bairesdev-surquillo--jobted-157bf400c13c42f84318ebd448c92369?utm_campaign=google_jobs_apply&utm_source=google_jobs_apply&utm_medium=organic,"[""AWS"", ""Data Pipelines"", ""ETL"", ""Python"", ""SQL""]",2026-10-04 20:45:44.666666
102,SerpApi,40d9828de0718382ed79297fc4d48a67,Gcp Data Engineer Remote Work Ref# (Perú),Importante grupo,Importante grupo,Perú,No especificado,Peru,Unclassified,Tiempo completo,Data Engineer,secondary,No data,No data,2026-10-02,20261002,2026-10-02,20261002,Jobrapido.com,,,https://pe.jobrapido.com/jobpreview/5868275387028471808?utm_campaign=google_jobs_apply&utm_source=google_jobs_apply&utm_medium=organic,"[""Automation"", ""Data Pipelines"", ""Google Cloud"", ""Python""]",2026-10-04 20:45:44.666666
103,SerpApi,6294ca15c6c1b006f9119bd2c8558bbe,Databricks Data Engineer (Apache Spark) - Remote work | REF#300795,BairesDev,BairesDev,Lima,Lima,Peru,Unclassified,Tiempo completo,Data Engineer,secondary,No data,No data,2026-10-02,20261002,2026-10-01,20261001,LinkedIn,,,https://pe.linkedin.com/jobs/view/databricks-data-engineer-apache-spark-remote-work-ref%23300795-at-bairesdev-4451956491?utm_campaign=google_jobs_apply&utm_source=google_jobs_apply&utm_medium=organic,"[""Data Modeling"", ""Data Pipelines""]",2026-10-04 20:45:44.666666
104,SerpApi,4538b34afa94807b971a35b49e3a38ff,"Data Engineer - Remote, Flexible Hours, Growth",Bluelight Consulting LLC,Bluelight Consulting LLC,Lima,Lima,Peru,Unclassified,Tiempo completo,Data Engineer,secondary,No data,No data,2026-10-02,20261002,2026-09-29,20260929,Jooble,,,https://pe.jooble.org/jdp/1804159643044006028?utm_campaign=google_jobs_apply&utm_source=google_jobs_apply&utm_medium=organic,"[""AWS"", ""Data Integration"", ""SQL""]",2026-10-04 20:45:44.666666
105,SerpApi,de70d0d811cd6539de074ea2777cca99,Azure Data Engineer (Mid-Senior Level),BairesDev,BairesDev,Perú,No especificado,Peru,Unclassified,Tiempo completo,Data Engineer,secondary,Senior,No data,2026-10-02,20261002,2026-09-30,20260930,Jaabz Jobs,,,https://jaabz.com/jobs/277671-azure-data-engineer-remote-work-ref303442?utm_campaign=google_jobs_apply&utm_source=google_jobs_apply&utm_medium=organic,"[""Azure""]",2026-10-04 20:45:44.666666
106,SerpApi,2fc3d7d60e0b851cd16e0aad31a4b29a,Knowledge Engineer - Remote Work | REF#302981,BairesDev,BairesDev,Lima,Lima,Peru,Unclassified,Tiempo completo,Other / Unclassified,Unclassified,No data,No data,2026-10-02,20261002,2026-10-01,20261001,LinkedIn,,,https://pe.linkedin.com/jobs/view/knowledge-engineer-remote-work-ref%23302981-at-bairesdev-4462089107?utm_campaign=google_jobs_apply&utm_source=google_jobs_apply&utm_medium=organic,"[""Python""]",2026-10-04 20:45:44.666666
107,SerpApi,96854cd4c7667294b5e6f78d340dc3c2,"Analista BI: Power BI, SQL y AWS – Presencial",Kibernum,Kibernum,Lampa,Lampa,Chile,Unclassified,Tiempo completo,Other / Unclassified,Unclassified,No data,No data,2026-10-02,20261002,2026-10-02,20261002,BeBee,,,https://bebee.com/cl/jobs/analista-bi-power-bi-sql-y-aws-presencial-kibernum-lampa--talent-639810775655252262?utm_campaign=google_jobs_apply&utm_source=google_jobs_apply&utm_medium=organic,"[""AWS"", ""Power BI"", ""SQL""]",2026-10-04 20:45:44.666666
108,SerpApi,cc111c31ca77ee30b2d1ebc4c579978c,Analista de Datos Ssr. — Impacto en Linaje y Calidad,Soho,Soho,Santiago,Santiago,Chile,Unclassified,Tiempo completo,Analista de Datos,primary,Semi-Senior,No data,2026-10-02,20261002,2026-09-30,20260930,JobLeads,,,https://www.jobleads.com/cl/job/analista-de-datos-ssr-impacto-en-linaje-y-calidad--santiago--e655eab4fe3faff0de2e52cfc6bb0c40f?utm_campaign=google_jobs_apply&utm_source=google_jobs_apply&utm_medium=organic,"[""APIs"", ""DAX"", ""Power BI""]",2026-10-04 20:45:44.666666
109,SerpApi,42143c2db27500e736db3c9d3ee02158,Online Data Analyst - Spanish (CL),TELUS Digital,TELUS Digital,Concepción,Concepción,Chile,Unclassified,Tiempo completo,Data Analyst,primary,No data,No data,2026-10-02,20261002,2026-09-29,20260929,BeBee,,,https://bebee.com/cl/jobs/online-data-analyst-spanish-cl-telus-digital-concepcion--jooble-3358159379193189930?utm_campaign=google_jobs_apply&utm_source=google_jobs_apply&utm_medium=organic,,2026-10-04 20:45:44.666666
110,SerpApi,3a4fbe0f7d2bd541394794a4c462c205,Remote Spanish Data Analyst for Maps,TELUS Digital,TELUS Digital,Concepción,Concepción,Chile,Unclassified,Tiempo completo,Data Analyst,primary,No data,No data,2026-10-02,20261002,2026-09-30,20260930,Trabajo.org,,,https://cl.trabajo.org/oferta-2254-091f6e22e0bbcd2faf6c3bfd54224ad7?utm_campaign=google_jobs_apply&utm_source=google_jobs_apply&utm_medium=organic,,2026-10-04 20:45:44.666666
111,SerpApi,b950d5f8436906c41abd8b5bc42a9270,Accounting Data Analyst: Data-Driven Process & Automation,Banco-De-Cr,Banco-De-Cr,Santiago,Santiago,Chile,Unclassified,Tiempo completo,Data Analyst,primary,No data,No data,2026-10-02,20261002,2026-09-29,20260929,JobLeads,,,https://www.jobleads.com/cl/job/accounting-data-analyst-data-driven-process-automation--santiago--e3bb7c6719b0ad5d39a601c251f633e56?utm_campaign=google_jobs_apply&utm_source=google_jobs_apply&utm_medium=organic,"[""Automation"", ""Excel"", ""Power BI"", ""Python"", ""SQL""]",2026-10-04 20:45:44.666666
112,SerpApi,2e75862571f29f233d9c1710e5692316,Commercial Analyst: Data-Driven Growth,BAT,BAT,Santiago,Santiago,Chile,Unclassified,Tiempo completo,Other / Unclassified,Unclassified,No data,No data,2026-10-02,20261002,2026-09-30,20260930,Trabajo.org,,,https://cl.trabajo.org/oferta-5486-d65449292982a990141c79b3cd57c5be?utm_campaign=google_jobs_apply&utm_source=google_jobs_apply&utm_medium=organic,"[""Excel"", ""Power BI""]",2026-10-04 20:45:44.666666
113,SerpApi,784a3f4db1fedf86a65b252e76845c1c,Analista Senior de Marketing Data-Driven,LarrainVial,LarrainVial,Santiago,Santiago,Chile,Unclassified,Tiempo completo,Other / Unclassified,Unclassified,Senior,No data,2026-10-02,20261002,2026-09-30,20260930,Trabajo.org,,,https://cl.trabajo.org/oferta-5486-613ab4e5e7142bbe3e22e56d7ee54d6b?utm_campaign=google_jobs_apply&utm_source=google_jobs_apply&utm_medium=organic,"[""Excel"", ""Power BI""]",2026-10-04 20:45:44.666666
114,SerpApi,a90190812cbb0b5325c684bd93ce99ec,"Cloud Data and Analytics Consultant, Professional Services (English, Portuguese, Spanish)",Google LLC,Google LLC,Santiago,Santiago,Chile,Unclassified,Tiempo completo,Analytics Consultant,secondary,No data,Requerido,2026-10-02,20261002,2026-09-29,20260929,Jooble,,,https://cl.jooble.org/jdp/-6447905230348956462?utm_campaign=google_jobs_apply&utm_source=google_jobs_apply&utm_medium=organic,"[""Google Cloud"", ""Python""]",2026-10-04 20:45:44.666666
115,SerpApi,6e40c83d0141cdf1ded7d004ef9a7122,Associate Data Analyst,Falabella,Falabella,Región Metropolitana,Región Metropolitana,Chile,Unclassified,Tiempo completo,Data Analyst,primary,No data,No data,2026-10-02,20261002,2026-09-30,20260930,Trabajo.org,,,https://cl.trabajo.org/oferta-1401-1b72622ea7de18b1a27d79038dbd4eb7?utm_campaign=google_jobs_apply&utm_source=google_jobs_apply&utm_medium=organic,"[""Looker"", ""Power BI"", ""Tableau""]",2026-10-04 20:45:44.666666
116,SerpApi,6a2d130b1d9b339c7fce9c239abf7938,Finance Data Analyst: Automation & Reconciliations,Liberty Specialty Markets,Liberty Specialty Markets,Chile,No especificado,Chile,Unclassified,Tiempo completo,Data Analyst,primary,No data,No data,2026-10-02,20261002,2026-09-29,20260929,JobLeads,,,https://www.jobleads.com/cl/job/finance-data-analyst-automation-reconciliations--chile--e3c17dc6ed87b8b4f3f38cf46137eeb72?utm_campaign=google_jobs_apply&utm_source=google_jobs_apply&utm_medium=organic,"[""Automation""]",2026-10-04 20:45:44.666666
117,SerpApi,717d82ea19f23b07e08ca0b5a41517c2,Data Analyst / Analista de Datos Bilingüe – Bogotá,Multiempleos S.A.,Multiempleos S.A.,Bogotá,Bogotá,Colombia,Unclassified,Tiempo completo,Data Analyst,primary,No data,Requerido,2026-10-02,20261002,2026-09-30,20260930,Computrabajo,,,https://co.computrabajo.com/ofertas-de-trabajo/oferta-de-trabajo-de-data-analyst-analista-de-datos-bilingue-bogota-en-bogota-dc-C45EF86C5C385D3361373E686DCF3405?utm_campaign=google_jobs_apply&utm_source=google_jobs_apply&utm_medium=organic,"[""Power BI"", ""Power Query""]",2026-10-04 20:45:44.666666
118,SerpApi,50aeefce319601d7beceae471490999b,"Senior Associate, Data Analytics & Business Intelligence (BI), GOC",WPP Media,WPP Media,Bogotá,Bogotá,Colombia,Unclassified,Tiempo completo,Data Analytics,primary,Senior,No data,2026-10-02,20261002,2026-10-01,20261001,LinkedIn,,,https://co.linkedin.com/jobs/view/senior-associate-data-analytics-business-intelligence-bi-goc-at-wpp-media-4472960268?utm_campaign=google_jobs_apply&utm_source=google_jobs_apply&utm_medium=organic,"[""AWS"", ""Azure"", ""Data Pipelines"", ""ETL"", ""Google Cloud"", ""MySQL"", ""PostgreSQL"", ""Power BI"", ""Python"", ""SQL"", ""Tableau""]",2026-10-04 20:45:44.666666
119,SerpApi,4272b2ba0bc7345828781eeb6c91ae4d,Senior Data Analyst | Latam,"Cuesta Partners, LLC","Cuesta Partners, LLC","Colombia, Huila",No especificado,Colombia,Unclassified,Tiempo completo,Data Analyst,primary,Senior,No data,2026-10-02,20261002,2026-10-02,20261002,JobLeads,,,https://www.jobleads.com/co/job/senior-data-analyst-latam--colombia--ecd7fa2c744e111d1c5d466e33bb85403?utm_campaign=google_jobs_apply&utm_source=google_jobs_apply&utm_medium=organic,"[""Data Pipelines"", ""Python"", ""SQL""]",2026-10-04 20:45:44.666666
120,SerpApi,1a17d738540acfd14fd0388269589147,E-commerce Data Analyst,Alignerr,Alignerr,Colombia,No especificado,Colombia,Unclassified,No especificado,Data Analyst,primary,No data,No data,2026-10-02,20261002,2026-09-30,20260930,BeBee,,,https://bebee.com/co/jobs/e-commerce-data-analyst-alignerr--fj-2391223126?utm_campaign=google_jobs_apply&utm_source=google_jobs_apply&utm_medium=organic,,2026-10-04 20:45:44.666666
121,SerpApi,a900b6732e9c0d18dd69385556fe6046,Analista Analítica de Cifras Siniestros ARL,AXA COLPATRIA,AXA COLPATRIA,Bogotá,Bogotá,Colombia,Unclassified,Tiempo completo,Other / Unclassified,Unclassified,No data,No data,2026-10-02,20261002,2026-09-29,20260929,BeBee,,,https://bebee.com/co/jobs/analista-analitica-de-cifras-siniestros-arl-axa-colpatria-bogota--elempleo-1886774354?utm_campaign=google_jobs_apply&utm_source=google_jobs_apply&utm_medium=organic,"[""Excel"", ""Power BI"", ""Python"", ""SQL""]",2026-10-04 20:45:44.666666
122,SerpApi,5cd397a7c559b363cd72fd1952eb248b,Intelligence & Analytics Analyst,Dentsu,Dentsu,"Medellín, Antioquia",Medellín,Colombia,Unclassified,Tiempo completo,Other / Unclassified,Unclassified,No data,No data,2026-10-02,20261002,2026-09-29,20260929,Indeed,,,https://co.indeed.com/viewjob?jk=a932d745dbca8191&utm_campaign=google_jobs_apply&utm_source=google_jobs_apply&utm_medium=organic,"[""Excel"", ""Looker"", ""Power BI"", ""Tableau""]",2026-10-04 20:45:44.666666
123,SerpApi,3196e66dc19b86c2760e0f86380c5ec7,Senior Data and Analytics Engineer ID90885,"AgileEngine, LLC.","AgileEngine, LLC.","Caldas, Antioquia",Caldas,Colombia,Unclassified,Tiempo completo,Analytics Engineer,primary,Senior,No data,2026-10-02,20261002,2026-10-01,20261001,Jooble,,,https://co.jooble.org/jdp/8556000227971670100?utm_campaign=google_jobs_apply&utm_source=google_jobs_apply&utm_medium=organic,"[""Data Pipelines"", ""Data Visualization"", ""Python"", ""SQL""]",2026-10-04 20:45:44.666666
124,SerpApi,2bad21ff6816c6bed03212ae511efa47,AI Solutions & Data Architecture Analyst,Bayer,Bayer,Cundinamarca,Cundinamarca,Colombia,Unclassified,Tiempo completo,Other / Unclassified,Unclassified,No data,No data,2026-10-02,20261002,2026-09-29,20260929,Careers At Bayer,,,https://talent.bayer.com/careers/job/562949978612933-ai-solutions-data-architecture-analyst-bogota-cundinamarca-colombia?domain=bayer.com&utm_campaign=google_jobs_apply&utm_source=google_jobs_apply&utm_medium=organic,"[""APIs"", ""Automation"", ""Azure"", ""Data Integration""]",2026-10-04 20:45:44.666666
125,SerpApi,147bc33f6c289789744ead3c369318d3,ANALYST I,BBVA,BBVA,Antioquia,Antioquia,Colombia,Unclassified,Tiempo completo,Other / Unclassified,Unclassified,No data,No data,2026-10-02,20261002,2026-09-29,20260929,Trabajo.org,,,https://co.trabajo.org/oferta-4111-b590ec52562b92f44ad9de2775c4819a?utm_campaign=google_jobs_apply&utm_source=google_jobs_apply&utm_medium=organic,"[""Excel"", ""Power BI""]",2026-10-04 20:45:44.666666
126,SerpApi,5b6ec1eabaa54056c73796cdcbdc42dc,Analista de Datos en Bogotá: Métricas y Visualización,INTERACTIVE MEDIA S.A.S.,INTERACTIVE MEDIA S.A.S.,Bogotá,Bogotá,Colombia,Unclassified,Tiempo completo,Analista de Datos,primary,No data,No data,2026-10-02,20261002,2026-09-30,20260930,JobLeads,,,https://www.jobleads.com/co/job/analista-de-datos-en-bogota-metricas-y-visualizacion--bogota-ciudad--e70838a7507620bd980a11368d0eef807?utm_campaign=google_jobs_apply&utm_source=google_jobs_apply&utm_medium=organic,"[""Excel""]",2026-10-04 20:45:44.666666
127,SerpApi,26f3d4ad9e20b55c0dec9f7f77b59344,Data & AI Architect Senior,Muck Consultores,Muck Consultores,Santiago,Santiago,Chile,Unclassified,Tiempo completo,Other / Unclassified,Unclassified,Senior,No data,2026-10-02,20261002,2026-10-01,20261001,Chiletrabajos,,,https://www.chiletrabajos.cl/trabajo/3907060?utm_campaign=google_jobs_apply&utm_source=google_jobs_apply&utm_medium=organic,"[""AWS"", ""Azure"", ""ELT"", ""ETL""]",2026-10-04 20:45:44.666666
128,SerpApi,422b7aa484081576ea3a66e12a534c41,Ingeniero(a) de Datos (Data Driven Marketing) - Casa Central,DUOC UC,DUOC UC,Santiago,Santiago,Chile,Unclassified,Tiempo completo,Other / Unclassified,Unclassified,No data,No data,2026-10-02,20261002,2026-09-29,20260929,Trabajando.cl,,,https://www.trabajando.cl/trabajo/6131701-ingeniero-a-de-datos-data-driven-marketing-casa-central?utm_campaign=google_jobs_apply&utm_source=google_jobs_apply&utm_medium=organic,"[""APIs"", ""AWS"", ""Azure"", ""Data Warehouse"", ""ELT"", ""ETL"", ""Power BI"", ""Python"", ""SQL""]",2026-10-04 20:45:44.666666
129,SerpApi,c1d15c12946a7e5bf17b62110b4e101c,Senior Data Engineer (AWS),EY,EY,Santiago,Santiago,Chile,Unclassified,Tiempo completo,Data Engineer,secondary,Senior,No data,2026-10-02,20261002,2026-09-30,20260930,EY Careers,,,https://careers.ey.com/ey/job/Santiago-Senior-Data-Engineer-%28AWS%29-Z_-M/1443293933/?utm_campaign=google_jobs_apply&utm_source=google_jobs_apply&utm_medium=organic,"[""APIs"", ""AWS"", ""ELT"", ""ETL""]",2026-10-04 20:45:44.666666
130,SerpApi,86c5962859ee8354303c1bb817f5f714,Data Engineer Jr ( GCP),Stefanini LATAM,Stefanini LATAM,Santiago,Santiago,Chile,Unclassified,Tiempo completo,Data Engineer,secondary,Junior,No data,2026-10-02,20261002,2026-10-01,20261001,LinkedIn,,,https://cl.linkedin.com/jobs/view/data-engineer-jr-gcp-at-stefanini-latam-4472801765?utm_campaign=google_jobs_apply&utm_source=google_jobs_apply&utm_medium=organic,"[""ELT"", ""ETL"", ""Google Cloud"", ""Python"", ""SQL""]",2026-10-04 20:45:44.666666
131,SerpApi,506dfe3c26cf382912a342ea36d2c6f0,Data Observability Lead,Manpower Chile,Manpower Chile,Santiago,Santiago,Chile,Unclassified,Tiempo completo,Other / Unclassified,Unclassified,Senior,No data,2026-10-02,20261002,2026-10-02,20261002,Computrabajo,,,https://cl.computrabajo.com/ofertas-de-trabajo/oferta-de-trabajo-de-data-observability-lead-en-santiago-centro-1D978ECA8D4ED96B61373E686DCF3405?utm_campaign=google_jobs_apply&utm_source=google_jobs_apply&utm_medium=organic,"[""AWS"", ""Azure""]",2026-10-04 20:45:44.670000
132,SerpApi,65046280d4cc4d3a764bf54f14c68fda,Data Analytics Engineer – Semi Senior,DRIMO,DRIMO,Coquimbo,Coquimbo,Chile,Unclassified,Tiempo completo,Data Analytics,primary,Senior,No data,2026-10-02,20261002,2026-09-30,20260930,Trabajo.org,,,https://cl.trabajo.org/oferta-5486-b2ee164f78dab39c74956621e6d8dd63?utm_campaign=google_jobs_apply&utm_source=google_jobs_apply&utm_medium=organic,,2026-10-04 20:45:44.670000
133,SerpApi,be3599041a66220ab5f1ae201d929f61,Data/ AI Architect Senior,Confipetrol S.A.,Confipetrol S.A.,Las Condes,Las Condes,Chile,Unclassified,Tiempo completo,Other / Unclassified,Unclassified,Senior,No data,2026-10-02,20261002,2026-09-30,20260930,LinkedIn,,,https://cl.linkedin.com/jobs/view/data-ai-architect-senior-at-confipetrol-s-a-4472637705?utm_campaign=google_jobs_apply&utm_source=google_jobs_apply&utm_medium=organic,"[""AWS"", ""Azure"", ""ELT"", ""ETL""]",2026-10-04 20:45:44.670000
134,SerpApi,141c750349c9f92c5011c03c73c958bc,Ingeniero(a) de Datos (Data Driven Marketing) - Casa Central,Duoc UC,Duoc UC,Providencia,Providencia,Chile,Unclassified,Tiempo completo,Other / Unclassified,Unclassified,No data,No data,2026-10-02,20261002,2026-09-29,20260929,BeBee,,,https://bebee.com/cl/jobs/ingenieroa-de-datos-data-driven-marketing-casa-central-duoc-uc-providencia--fj-2390754484?utm_campaign=google_jobs_apply&utm_source=google_jobs_apply&utm_medium=organic,"[""APIs"", ""AWS"", ""Azure"", ""Data Warehouse"", ""ELT"", ""ETL"", ""Power BI"", ""Python"", ""SQL""]",2026-10-04 20:45:44.670000
135,SerpApi,69ef5024cf8a2a47d31f075473d4d4c2,"Data Steward Senior, Gerencia Tecnología",Walmart Chile,Walmart Chile,Huechuraba,Huechuraba,Chile,Unclassified,Tiempo completo,Other / Unclassified,Unclassified,Senior,No data,2026-10-02,20261002,2026-10-01,20261001,LinkedIn,,,https://cl.linkedin.com/jobs/view/data-steward-senior-gerencia-tecnolog%C3%ADa-at-walmart-chile-4474358546?utm_campaign=google_jobs_apply&utm_source=google_jobs_apply&utm_medium=organic,"[""Excel"", ""SQL""]",2026-10-04 20:45:44.670000
136,SerpApi,d883206a924b0fd639c037252e337a7d,Data & Analytics Strategy Executive,iProspect Chile SpA,iProspect Chile SpA,Chile,No especificado,Chile,Unclassified,Tiempo completo,Other / Unclassified,Unclassified,No data,No data,2026-10-02,20261002,2026-09-29,20260929,Workday,,,https://dentsuaegis.wd3.myworkdayjobs.com/en-US/DAN_GLOBAL/job/Data---Analytics-Strategy-Executive_R1132294?utm_campaign=google_jobs_apply&utm_source=google_jobs_apply&utm_medium=organic,,2026-10-04 20:45:44.670000
137,SerpApi,16dd2eb0f3d4f1182ab48c24b27a3f2e,Senior Data Engineer – Python & Apache Flink - Remote Work | REF#305376,BairesDev,BairesDev,"El Gallito, N.L.",El Gallito,Mexico,Unclassified,Tiempo completo,Data Engineer,secondary,Senior,No data,2026-10-02,20261002,2026-10-01,20261001,LinkedIn,,,https://mx.linkedin.com/jobs/view/senior-data-engineer-%E2%80%93-python-apache-flink-remote-work-ref%23305376-at-bairesdev-4474359042?utm_campaign=google_jobs_apply&utm_source=google_jobs_apply&utm_medium=organic,"[""AWS"", ""Data Pipelines"", ""ELT"", ""ETL"", ""PostgreSQL"", ""Python""]",2026-10-04 20:45:44.670000
138,SerpApi,f81984c4eec02fb13af0e8f0cd61fe58,Practicante de Data Analytics,DIMEX CAPITA,DIMEX CAPITA,"Monterrey, N.L.",Monterrey,Mexico,Unclassified,Pasantía,Data Analytics,primary,No data,No data,2026-10-02,20261002,2026-09-29,20260929,OCC,,,https://www.occ.com.mx/empleo/oferta/21357299-practicante-de-data-analytics/?utm_campaign=google_jobs_apply&utm_source=google_jobs_apply&utm_medium=organic,"[""Power BI"", ""SQL""]",2026-10-04 20:45:44.670000
139,SerpApi,9faa66cd2f4f4863403eeadce8a91a02,Senior Data Scientist - GenAI & Experimentación,Spot2.mx,Spot2.mx,"Ciudad de México, CDMX",Ciudad de México,Mexico,Unclassified,Tiempo completo,Data Scientist,primary,Senior,No data,2026-10-02,20261002,2026-10-02,20261002,LinkedIn,,,https://mx.linkedin.com/jobs/view/senior-data-scientist-genai-experimentaci%C3%B3n-at-spot2-mx-4472849245?utm_campaign=google_jobs_apply&utm_source=google_jobs_apply&utm_medium=organic,"[""PostgreSQL"", ""Python"", ""SQL""]",2026-10-04 20:45:44.670000
140,SerpApi,6965f01e95d0db32e1b18a72c49ce420,Practicante de Data Analytics para Proyectos de Ingeniería,Linde,Linde,"Monterrey, N.L.",Monterrey,Mexico,Unclassified,Pasantía,Data Analytics,primary,No data,No data,2026-10-02,20261002,2026-09-30,20260930,LinkedIn,,,https://mx.linkedin.com/jobs/view/practicante-de-data-analytics-para-proyectos-de-ingenier%C3%ADa-at-linde-4472356371?utm_campaign=google_jobs_apply&utm_source=google_jobs_apply&utm_medium=organic,"[""Power BI"", ""Python"", ""SQL""]",2026-10-04 20:45:44.670000
141,SerpApi,7548d3d6014f0acd098bdc23c25652da,Data Science Lead,Neoris(CEMTEC),Neoris(CEMTEC),"Ciudad de México, CDMX",Ciudad de México,Mexico,Unclassified,Tiempo completo,Other / Unclassified,Unclassified,Senior,No data,2026-10-02,20261002,2026-09-30,20260930,OCC,,,https://www.occ.com.mx/empleo/oferta/21355429-data-science-lead/?utm_campaign=google_jobs_apply&utm_source=google_jobs_apply&utm_medium=organic,"[""AWS"", ""Azure"", ""NumPy"", ""Pandas"", ""Python"", ""SQL""]",2026-10-04 20:45:44.670000
142,SerpApi,d02d6f08888870124ead8ccaea7b658e,Azure Data Engineer,Infosys,Infosys,"Monterrey, N.L.",Monterrey,Mexico,Unclassified,Tiempo completo,Data Engineer,secondary,No data,No data,2026-10-02,20261002,2026-10-02,20261002,Indeed,,,https://mx.indeed.com/viewjob?jk=cb90edf51f070efc&utm_campaign=google_jobs_apply&utm_source=google_jobs_apply&utm_medium=organic,"[""Azure"", ""Data Integration"", ""Data Modeling"", ""Data Pipelines"", ""Data Warehouse"", ""ETL"", ""Python"", ""SQL""]",2026-10-04 20:45:44.670000
143,SerpApi,0e2bb467456803b00d7295d169563d43,AI Data Architect - Data Governance en TheRocketCode,Meryto,Meryto,"Ciudad de México, CDMX",Ciudad de México,Mexico,Unclassified,Tiempo completo,Other / Unclassified,Unclassified,No data,No data,2026-10-02,20261002,2026-10-01,20261001,LinkedIn,,,https://mx.linkedin.com/jobs/view/ai-data-architect-data-governance-en-therocketcode-at-meryto-4474348278?utm_campaign=google_jobs_apply&utm_source=google_jobs_apply&utm_medium=organic,"[""Google Cloud"", ""SQL""]",2026-10-04 20:45:44.670000
144,SerpApi,d9d71fb58f64b8475e4592b4aec6fc01,Data Engineer Azure Sr,Softtek,Softtek,"Ciudad de México, CDMX",Ciudad de México,Mexico,Unclassified,Tiempo completo,Data Engineer,secondary,Senior,No data,2026-10-02,20261002,2026-09-29,20260929,OCC,,,https://www.occ.com.mx/empleo/oferta/21356104-data-engineer-azure-sr/?utm_campaign=google_jobs_apply&utm_source=google_jobs_apply&utm_medium=organic,"[""Azure"", ""ELT"", ""ETL"", ""Python"", ""SQL""]",2026-10-04 20:45:44.670000
145,SerpApi,4f9d72adf97394459a162fbb2dd3ad81,Data Consultant - Presencial (CDMX),ManpowerGroup,ManpowerGroup,"Ciudad de México, CDMX",Ciudad de México,Mexico,Unclassified,Tiempo completo,Other / Unclassified,Unclassified,No data,No data,2026-10-02,20261002,2026-09-29,20260929,Computrabajo,,,https://mx.computrabajo.com/ofertas-de-trabajo/oferta-de-trabajo-de-data-consultant-presencial-cdmx-en-benito-juarez-6A71877B15004AE361373E686DCF3405?utm_campaign=google_jobs_apply&utm_source=google_jobs_apply&utm_medium=organic,"[""ETL"", ""Excel"", ""Python""]",2026-10-04 20:45:44.670000
146,SerpApi,9cad3a4115dbb47a689c6467a47c814f,"Senior Associate, Data Analytics & Business Intelligence (BI), GOC",WPP Media,WPP Media,"Ciudad de México, CDMX",Ciudad de México,Mexico,Unclassified,Tiempo completo,Data Analytics,primary,Senior,No data,2026-10-02,20261002,2026-10-01,20261001,LinkedIn,,,https://mx.linkedin.com/jobs/view/senior-associate-data-analytics-business-intelligence-bi-goc-at-wpp-media-4472953624?utm_campaign=google_jobs_apply&utm_source=google_jobs_apply&utm_medium=organic,"[""AWS"", ""Azure"", ""Data Pipelines"", ""ETL"", ""Google Cloud"", ""MySQL"", ""PostgreSQL"", ""Power BI"", ""Python"", ""SQL"", ""Tableau""]",2026-10-04 20:45:44.670000
