observacion_oferta_id,skill_id
2,4
2,19
2,23
2,24
2,25
3,4
3,19
3,23
3,24
3,25
4,3
4,4
5,7
5,8
5,23
5,24
9,15
9,23
10,5
11,8
12,14
12,21
12,23
12,24
13,2
14,14
14,24
15,14
15,24
16,3
16,7
16,12
16,13
16,20
16,23
17,4
18,8
19,3
19,7
19,12
19,13
19,20
19,23
20,3
20,7
20,13
20,23
20,24
21,6
21,7
22,4
23,23
24,23
24,24
25,2
25,14
25,21
25,23
25,24
26,14
26,21
27,1
27,2
27,4
27,5
28,14
28,21
29,3
29,12
29,13
30,7
30,8
30,23
30,24
30,26
31,7
31,8
31,23
31,24
31,26
32,1
32,3
32,6
32,12
32,13
32,17
32,20
32,21
32,23
32,26
33,21
34,4
34,13
34,23
34,24
35,4
35,13
35,23
36,7
37,4
37,13
37,23
38,3
38,24
39,1
39,4
39,5
39,6
39,8
39,13
39,21
39,23
39,24
39,26
40,3
40,5
40,24
41,24
42,6
42,9
42,24
43,3
43,12
43,13
43,23
44,8
44,26
45,12
45,15
45,23
45,24
46,3
46,4
46,6
46,7
46,24
47,3
47,4
47,12
47,13
48,14
48,16
48,21
48,24
49,14
49,21
49,23
50,7
50,23
50,24
51,2
51,12
51,13
51,16
51,23
51,24
52,14
52,16
52,21
52,26
53,21
53,24
55,3
55,9
55,12
55,13
55,20
56,1
56,3
56,4
56,9
56,12
56,13
56,21
56,23
56,24
57,1
57,3
57,4
57,9
57,12
57,13
57,21
57,23
57,24
58,1
58,6
58,23
58,24
60,1
60,3
60,23
60,24
61,23
61,24
63,3
63,13
63,20
64,1
64,3
64,12
64,13
65,16
65,21
65,26
66,5
66,8
66,10
66,21
66,22
66,24
68,23
69,15
69,23
70,14
71,1
71,3
71,12
71,13
71,17
71,20
71,21
71,23
71,24
71,25
72,2
72,7
72,15
72,23
73,3
73,4
73,7
73,23
73,24
74,4
75,13
75,24
75,25
76,13
77,14
77,21
77,24
78,4
78,5
78,6
78,7
78,9
78,13
78,23
78,24
79,8
80,4
80,6
80,7
80,9
80,13
80,20
80,23
80,24
81,14
83,23
83,24
84,14
84,23
84,24
85,14
85,21
85,24
85,26
86,3
86,21
86,24
87,21
87,23
87,24
88,14
88,21
89,2
89,23
89,24
90,9
90,23
90,24
91,2
91,23
91,24
92,2
92,23
92,24
93,2
94,21
94,23
94,24
95,14
96,3
96,24
97,14
99,14
100,3
100,4
101,13
101,14
101,23
102,15
102,24
103,23
103,24
104,3
104,4
104,12
104,13
105,21
105,22
106,3
106,4
106,18
106,19
106,23
106,24
107,3
107,4
107,7
107,23
107,24
108,4
108,21
108,23
108,24
109,3
110,24
111,2
111,3
111,7
111,11
111,12
111,13
111,23
111,24
113,2
113,4
113,10
113,14
113,21
113,22
113,23
115,3
115,4
115,15
115,16
115,17
115,23
115,26
116,3
116,13
118,4
118,13
118,24
119,7
119,12
119,13
119,23
119,24
120,4
120,12
120,13
120,23
120,24
121,1
121,10
121,21
122,20
122,23
122,24
123,12
123,13
123,15
123,23
123,24
124,15
124,16
124,18
124,19
124,23
124,24
130,14
131,13
131,23
131,24
132,13
132,23
132,24
133,4
134,6
134,9
134,21
134,23
134,24
134,26
135,6
135,9
135,21
135,23
135,24
135,26
136,16
136,24
138,14
138,24
139,10
139,21
139,22
140,21
140,23
140,24
141,13
141,23
142,7
142,13
143,2
143,4
143,7
144,3
144,4
144,7
144,13
144,15
144,17
144,20
144,21
144,23
144,24
144,26
145,3
145,4
145,7
145,13
145,15
145,17
145,20
145,21
145,23
145,24
145,26
146,2
146,4
