empresa_id,nombre_empresa,nombre_empresa_raw
1,24 Mag,24 Mag
2,Accenture,Accenture
3,ACL,ACL
4,"AgileEngine, LLC.","AgileEngine, LLC."
5,Alignerr,Alignerr
6,Amaris Consulting | Part of Mantu,Amaris Consulting | Part of Mantu
7,Applaudo,Applaudo
8,Atomic - Remote Jobs,Atomic - Remote Jobs
9,AXA COLPATRIA,AXA COLPATRIA
10,Azumo,Azumo
11,BairesDev,BairesDev
12,Banco de Crédito e Inversiones,Banco de Crédito e Inversiones
13,Banco-De-Cr,Banco-De-Cr
14,BAT,BAT
15,Bayer,Bayer
16,BBVA,BBVA
17,BC Tecnología,BC Tecnología
18,Binance,Binance
19,BLOSSOM,BLOSSOM
20,Bluelight Consulting,Bluelight Consulting
21,Bluelight Consulting Llc,Bluelight Consulting Llc
22,CASA BRITÁNICA SA,CASA BRITÁNICA SA
23,"Checkr, Inc.","Checkr, Inc."
24,Coderio,Coderio
25,CODERLAB SPA,CODERLAB SPA
26,confidential,confidential
27,Confipetrol S.A.,Confipetrol S.A.
28,COPEC S.A.,COPEC S.A.
29,CORE Consultoría & Recuperaciones,CORE Consultoría & Recuperaciones
30,"Cuesta Partners, LLC","Cuesta Partners, LLC"
31,Curvion Blue,Curvion Blue
32,Dentsu,Dentsu
33,DIMEX CAPITA,DIMEX CAPITA
34,DRIMO,DRIMO
35,DROPI,DROPI
36,Duoc UC,Duoc UC
37,Ecosistemas,Ecosistemas
38,Emapta Global,Emapta Global
39,Empresa de Transporte de Pasajeros METRO S.A,Empresa de Transporte de Pasajeros METRO S.A
40,Experian,Experian
41,Experian Group,Experian Group
42,Experis Chile,Experis Chile
43,EY,EY
44,Falabella,Falabella
45,FullStack,FullStack
46,FXC Intelligence Ltd.,FXC Intelligence Ltd.
47,Geodis Colombia,Geodis Colombia
48,Google LLC,Google LLC
49,GoTo Financial,GoTo Financial
50,IBR PERU S.A.,IBR PERU S.A.
51,Importante grupo,Importante grupo
52,In All Media Inc,In All Media Inc
53,Indra Peru,Indra Peru
54,Inetum,Inetum
55,Infosys,Infosys
56,INFUSE,INFUSE
57,INGEPSY,INGEPSY
58,INTERACTIVE MEDIA S.A.S.,INTERACTIVE MEDIA S.A.S.
59,iProspect Chile SpA,iProspect Chile SpA
60,Itaú Chile,Itaú Chile
61,JD STRATEGIC PARTNER,JD STRATEGIC PARTNER
62,Kibernum,Kibernum
63,L'Oréal,L'Oréal
64,LarrainVial,LarrainVial
65,LawnStarter,LawnStarter
66,Liberty Specialty Markets,Liberty Specialty Markets
67,Linde,Linde
68,LISTOS S.A.S,LISTOS S.A.S
69,Lumenalta,Lumenalta
70,Main CFO,Main CFO
71,"Management Solutions, SL","Management Solutions, SL"
72,MANPOWER,MANPOWER
73,Manpower Chile,Manpower Chile
74,ManpowerGroup,ManpowerGroup
75,Meryto,Meryto
76,Meu Home,Meu Home
77,Muck Consultores,Muck Consultores
78,Multiempleos S.A.,Multiempleos S.A.
79,Neoris(CEMTEC),Neoris(CEMTEC)
80,NeuralWorks,NeuralWorks
81,NTT DATA EMEAL,NTT DATA EMEAL
82,NTT DATA Europe & Latam,NTT DATA Europe & Latam
83,Perficient,Perficient
84,Protecso,Protecso
85,Publicis Groupe Anz,Publicis Groupe Anz
86,Publicis Groupe Holdings B.V,Publicis Groupe Holdings B.V
87,Punto Azul,Punto Azul
88,RENEE RPO Asistido para ALEMANA SEGUROS,RENEE RPO Asistido para ALEMANA SEGUROS
89,Ripley,Ripley
90,RIPLEY CHILE S A,RIPLEY CHILE S A
91,Scotiabank,Scotiabank
92,SGF Global,SGF Global
93,Softtek,Softtek
94,Soho,Soho
95,Spot2.mx,Spot2.mx
96,Stefanini LATAM,Stefanini LATAM
97,TELUS Digital,TELUS Digital
98,Tether Operations,Tether Operations
99,TIMINING,TIMINING
100,TIPartner,TIPartner
101,Toptal,Toptal
102,Truelogic,Truelogic
103,Veta Virtual,Veta Virtual
104,Walmart Chile,Walmart Chile
105,We Are TIMS,We Are TIMS
106,WiTI,WiTI
107,WorkCapIT,WorkCapIT
108,WPP Media,WPP Media
109,XenonStack Moments,XenonStack Moments
