ubicacion_id,ubicacion_raw,ciudad,pais,market_tier
1,Áncash,Áncash,Peru,Unclassified
2,Antioquia,Antioquia,Colombia,Unclassified
3,Argentina,No especificado,Argentina,Unclassified
4,Bogotá,Bogotá,Colombia,Unclassified
5,"Caldas, Antioquia",Caldas,Colombia,Unclassified
6,"Cali, Valle del Cauca",Cali,Colombia,Unclassified
7,Callao,Callao,Peru,Unclassified
8,Cauca,Cauca,Colombia,Unclassified
9,Chile,No especificado,Chile,Unclassified
10,"Ciudad de México, CDMX",Ciudad de México,Mexico,Unclassified
11,Colombia,No especificado,Colombia,Unclassified
12,"Colombia, Huila",No especificado,Colombia,Unclassified
13,Concepción,Concepción,Chile,Unclassified
14,"Copacabana, Antioquia (y 7 ubicaciones más)",Copacabana,Colombia,Unclassified
15,Coquimbo,Coquimbo,Chile,Unclassified
16,Cundinamarca,Cundinamarca,Colombia,Unclassified
17,"El Gallito, N.L.",El Gallito,Mexico,Unclassified
18,Huánuco,Huánuco,Peru,Unclassified
19,Huechuraba,Huechuraba,Chile,Unclassified
20,Huila,Huila,Colombia,Unclassified
21,Lampa,Lampa,Chile,Unclassified
22,Las Condes,Las Condes,Chile,Unclassified
23,Lima,Lima,Peru,Unclassified
24,"Medellín, Antioquia",Medellín,Colombia,Unclassified
25,"Monterrey, N.L.",Monterrey,Mexico,Unclassified
26,Perú,No especificado,Peru,Unclassified
27,Providencia,Providencia,Chile,Unclassified
28,Región Metropolitana,Región Metropolitana,Chile,Unclassified
29,Santiago,Santiago,Chile,Unclassified
30,Surquillo,Surquillo,Peru,Unclassified
31,Vitacura,Vitacura,Chile,Unclassified
32,"Yumbo, Valle del Cauca (y 2 ubicaciones más)",Yumbo,Colombia,Unclassified
